-- phpMyAdmin SQL Dump
-- version 5.0.2
-- https://www.phpmyadmin.net/
--
-- Хост: 127.0.0.1:3306
-- Время создания: Сен 07 2021 г., 17:25
-- Версия сервера: 10.3.22-MariaDB
-- Версия PHP: 7.1.33

SET SQL_MODE = "NO_AUTO_VALUE_ON_ZERO";
START TRANSACTION;
SET time_zone = "+00:00";


/*!40101 SET @OLD_CHARACTER_SET_CLIENT=@@CHARACTER_SET_CLIENT */;
/*!40101 SET @OLD_CHARACTER_SET_RESULTS=@@CHARACTER_SET_RESULTS */;
/*!40101 SET @OLD_COLLATION_CONNECTION=@@COLLATION_CONNECTION */;
/*!40101 SET NAMES utf8mb4 */;

--
-- База данных: `m911958r_db`
--

-- --------------------------------------------------------

--
-- Структура таблицы `festival_dates`
--

CREATE TABLE `festival_dates` (
  `id` int(8) NOT NULL,
  `date` date NOT NULL
) ENGINE=InnoDB DEFAULT CHARSET=utf8;

--
-- Дамп данных таблицы `festival_dates`
--

INSERT INTO `festival_dates` (`id`, `date`) VALUES
(10, '2021-08-01'),
(13, '2021-08-02');

-- --------------------------------------------------------

--
-- Структура таблицы `festival_halls`
--

CREATE TABLE `festival_halls` (
  `id` int(8) NOT NULL,
  `hall` varchar(250) NOT NULL
) ENGINE=InnoDB DEFAULT CHARSET=utf8;

--
-- Дамп данных таблицы `festival_halls`
--

INSERT INTO `festival_halls` (`id`, `hall`) VALUES
(1, 'red hall'),
(3, 'blue hall');

-- --------------------------------------------------------

--
-- Структура таблицы `festival_judge`
--

CREATE TABLE `festival_judge` (
  `id` int(8) NOT NULL,
  `email` varchar(256) NOT NULL,
  `name` varchar(256) NOT NULL,
  `password` varchar(256) NOT NULL
) ENGINE=InnoDB DEFAULT CHARSET=utf8;

--
-- Дамп данных таблицы `festival_judge`
--

INSERT INTO `festival_judge` (`id`, `email`, `name`, `password`) VALUES
(6, 'mail@mail.ru', 'test', 'Password_1'),
(8, 'mail2@mail.ru', 'name 2', 'Password_2');

-- --------------------------------------------------------

--
-- Структура таблицы `festival_meta`
--

CREATE TABLE `festival_meta` (
  `id` int(10) NOT NULL,
  `master` varchar(250) NOT NULL,
  `cd` varchar(250) NOT NULL,
  `orchestra` varchar(250) NOT NULL,
  `food` varchar(250) NOT NULL
) ENGINE=InnoDB DEFAULT CHARSET=utf8;

--
-- Дамп данных таблицы `festival_meta`
--

INSERT INTO `festival_meta` (`id`, `master`, `cd`, `orchestra`, `food`) VALUES
(33, '1 окт. 10.45-12.45 Мохамед (классич.песня)', '', '', ''),
(34, '1 окт. 14.00-16.00 Оксана (межансе)', '', '', ''),
(35, '1 окт. 09.00-10.30 Рогова А.', '', '', ''),
(36, '', 'Классический Ориенталь СД', '', ''),
(37, '', 'Эстрадная песня СД', '', ''),
(38, '', 'Египетский фольклор СД ', '', ''),
(39, '', '', 'Классический ориенталь Оркестр', ''),
(40, '', '', 'Беледи + табла соло импровизация Оркестр', ''),
(41, '', '', 'Беледи/Шааби Оркестр', ''),
(42, '', '', '', '1 окт. обед №1'),
(44, '', '', '', '1 окт. обед №2'),
(45, '1 окт. 16.15-18.15 Мохамед (беледи)', '', '', ''),
(46, '1 окт. 18.30-20.30 Оксана (шааби)', '', '', ''),
(47, '2 окт. 09.00-11.00 Аида (такасим)', '', '', ''),
(48, '2 окт. 11.15-13.15 Оксана (классич.песня)', '', '', ''),
(49, '3 окт. 09.00-11.00 Аида (классич.песня)', '', '', ''),
(50, '3 окт. 11.15-13.15 Мохамед (межансе)', '', '', ''),
(51, '', 'Беледи Шааби СД', '', ''),
(52, '', 'Неегипетский фольклор СД', '', ''),
(53, '', 'Шоу табла СД', '', ''),
(55, '', '', '', '2 окт. обед №1'),
(58, '', '', '', '2 окт. обед №2'),
(59, '', '', '', '3 окт. обед №1'),
(60, '', '', '', '3 окт. обед №2'),
(61, '', '', 'Королева Импровизации Оркестр', ''),
(62, '', 'Показательное выступление СД', '', ''),
(63, '', '', 'Корона МираМар Оркестр', ''),
(64, '', '', 'Показательное выступление Оркестр', ''),
(65, '', '', 'Репетиция с оркестром №1', ''),
(66, '', '', 'Репетиция с оркестром №2', ''),
(68, '', 'Классический ориенталь (группа)', '', ''),
(70, '', 'Египетский и неегипетский фольклор (группа)', '', ''),
(71, '', 'Шоу табла (группа)', '', '');

-- --------------------------------------------------------

--
-- Структура таблицы `festival_nominations`
--

CREATE TABLE `festival_nominations` (
  `id` int(8) NOT NULL,
  `date` int(8) NOT NULL,
  `hall` int(8) NOT NULL,
  `part` int(8) NOT NULL,
  `nomination` varchar(256) NOT NULL
) ENGINE=InnoDB DEFAULT CHARSET=utf8;

--
-- Дамп данных таблицы `festival_nominations`
--

INSERT INTO `festival_nominations` (`id`, `date`, `hall`, `part`, `nomination`) VALUES
(10, 10, 1, 2, '1red1'),
(11, 10, 3, 2, '1blue1'),
(12, 10, 1, 3, '1red2'),
(13, 10, 3, 3, '1blue2'),
(14, 13, 1, 2, '2red1'),
(15, 13, 3, 2, '2blue1'),
(16, 13, 1, 3, '2red2'),
(17, 13, 3, 3, '2blue2'),
(22, 10, 1, 2, 'ПРОФЕССИОНАЛЫ+++++');

-- --------------------------------------------------------

--
-- Структура таблицы `festival_nomination_list`
--

CREATE TABLE `festival_nomination_list` (
  `id` int(8) NOT NULL,
  `nomination` int(8) NOT NULL,
  `participant` int(8) NOT NULL
) ENGINE=InnoDB DEFAULT CHARSET=utf8;

--
-- Дамп данных таблицы `festival_nomination_list`
--

INSERT INTO `festival_nomination_list` (`id`, `nomination`, `participant`) VALUES
(1, 11, 65),
(2, 11, 66),
(3, 13, 70),
(4, 22, 78);

-- --------------------------------------------------------

--
-- Структура таблицы `festival_participant`
--

CREATE TABLE `festival_participant` (
  `id` int(10) NOT NULL,
  `password` varchar(250) NOT NULL,
  `email` varchar(250) NOT NULL,
  `fio` varchar(250) NOT NULL,
  `date` varchar(10) NOT NULL,
  `phone` varchar(250) NOT NULL,
  `country` varchar(250) NOT NULL,
  `city` varchar(250) NOT NULL,
  `age` varchar(250) NOT NULL,
  `skill` varchar(250) NOT NULL,
  `studio` varchar(250) NOT NULL,
  `manager` varchar(250) NOT NULL,
  `discount` int(10) NOT NULL,
  `package` varchar(250) NOT NULL,
  `photo` varchar(250) NOT NULL,
  `certificate` varchar(250) NOT NULL,
  `coment` varchar(1000) NOT NULL
) ENGINE=InnoDB DEFAULT CHARSET=utf8;

--
-- Дамп данных таблицы `festival_participant`
--

INSERT INTO `festival_participant` (`id`, `password`, `email`, `fio`, `date`, `phone`, `country`, `city`, `age`, `skill`, `studio`, `manager`, `discount`, `package`, `photo`, `certificate`, `coment`) VALUES
(65, 'Лопотово2', 'elenikazel@mail.ru', 'Корчагова Елена', '04.02.1963', '+7(916) 135-9500', 'Россия', 'Зеленоград', 'Взрослые 4 (51 год и старше)', 'Любители продолжающие', 'Нет', 'Нет', 0, 'mini', '', '', ''),
(66, 'mariposa', 'faizann2017@mail.ru', 'Посылкина Мария', '04.08.2003', '+7(930) 803-7331', 'Россия', 'Нижний Новгород', 'Юниоры 2 (15-19 лет)', 'Любители продолжающие', 'Фаиза', 'Посылкина Ирина', 0, 'mini', 'photo!!66!!Посылкина Мария.jpeg', '', ''),
(67, 'qweenofbellydance', 'Lady-blond2005@yandex.ru', 'Воробьева Светлана', '28.09.1988', '+7(921) 445-7469', 'Россия', 'Санкт-Петербург', 'Взрослые 2 (31-40лет)', 'Профессионалы', '', '', 0, 'mini', 'photo!!67!!Воробьева Светлана.jpeg', '', ''),
(70, 'valeriz2002', 'zdorova1811@mail.ru', 'Здорова Валерия Евгеньевна', '20.04.2002', '+7(915) 942-3252', 'Россия', 'Нижний новгород', 'Юниоры 2 (15-19 лет)', 'Профессионалы', 'Индивидуальный исполнитель', 'Здорова Валерия', 100, 'all_ws', '', '', ''),
(71, 'murzik15', 'lar.tat@bk.ru', 'Татарникова Лариса Николаевна', '14.07.1964', '+7(910) 467-0794', 'Russia', 'Жуковский', 'Взрослые 4 (51 год и старше)', 'Профессионалы', 'Анастасии Бисеровой', 'Наталья Каменчук, Анастасия Бисерова', 30, 'mini', 'photo!!71!!Татарникова Лариса Николаевна.jpg', 'certificate!!71!!Татарникова Лариса Николаевна.jpg', ''),
(74, 'kowe4ka33399', 'crazy33@list.ru', 'Боровских Мария Александровна', '04.12.1986', '+7(902) 507-4285', 'Россия', 'Новодвинск', 'Взрослые 2 (31-40лет)', 'Профессионалы', '', '', 15, 'maxi', 'photo!!74!!Боровских Мария Александровна.jpg', '', ''),
(76, 'hitura78/', 'katya_meyer@mail.ru', 'Переломова Екатерина Егоровна', '13.07.2003', '+7(911) 569-5480', 'Россия', 'Архангельск', 'Юниоры 2 (15-19 лет)', 'Профессионалы', 'Фарид', 'Переломова Екатерина Егоровна', 100, 'all_ws', '', 'certificate!!76!!Переломова Екатерина Егоровна .jpg', ''),
(77, 'anastasia32@', 'anastasiabellydance@bk.ru', 'Панова Анастасия Сергеевна', '02.01.2004', '+7(960) 367-9040', 'Россия', 'Ульяновск', 'Юниоры 2 (15-19 лет)', 'Любители продолжающие', 'Жемчужина', 'Софронова Ольга Юрьевна', 0, 'midi', 'photo!!77!!Панова Анастасия Сергеевна.jpg', '', ''),
(78, '+7-921-845-79-16', 'zh_nazia@mail.ru', 'Жолнерович Назия', '26.04.1959', '+7(921) 845-7916', 'Россия', 'Санкт-Петербург', 'Взрослые 4 (51 год и старше)', 'Любители начинающие', 'Индивидуальный танцор', 'Савина Анна', 0, 'mini', 'photo!!78!!Жолнерович Назия.jpg', '', ''),
(79, '1310anna', 'aniuta.sobolewa2013@yandex.ru', 'Соболева Елизавета Александровна', '08.07.2008', '+7(960) 590-0281', 'Россия', 'Смоленск', 'Юниоры 1 (11-14 лет)', 'Любители продолжающие', '', 'Жарикова Светлана Владимировна', 0, 'mini', 'photo!!79!!Соболева Елизавета Александровна.jpg', '', ''),
(80, 'belu77', 'ninel. gurova@rambler.ru', 'Гурова Нина Николаевна', '04.05.1982', '+7(919) 866-0782', 'Россия', 'Оренбург', 'Взрослые 2 (31-40лет)', 'Профессионалы', 'Жасмин', 'Гурова Нина Николаевна', 0, 'midi', 'photo!!80!!Гурова Нина Николаевна .jpg', '', ''),
(81, 'bellyiren21', 'ira.bille@yandex.ru', 'Моисеева Ирина Сергеевна', '17.08.1996', '+7(911) 377-5938', 'Россия', 'Псков', 'Взрослые 1 (20-30 лет)', 'Профессионалы', 'Dance Family', 'Моисеева Ирина Сергеевна', 0, 'mini', 'photo!!81!!Моисеева Ирина Сергеевна .jpg', '', ''),
(83, '13qe@$WR', 'alisa_crazy@mail.ru', 'Куклева Наталия Юрьевна', '24.01.1986', '+7(910) 681-0100', 'Россия', 'Иваново', 'Взрослые 2 (31-40лет)', 'Любители продолжающие', 'Лейла Шаркея', 'Пирогова Елена', 0, 'midi', 'photo!!83!!Куклева Наталия Юрьевна.jpg', '', ''),
(84, '67gufahi', 'violetta181002@gmail.com', 'Горбулина Виолетта Александровна', '18.10.2002', '+7(928) 043-4345', 'Россия', 'Краснодар', 'Юниоры 2 (15-19 лет)', 'Любители продолжающие', '', 'Кристина Кожул', 0, 'midi', '', '', ''),
(85, 'nerkes1999', 'nerkesbukharbaeva@gmail.com', 'Bukharbaeva Nerkes', '25.01.1999', '+7(999) 134-2298', 'Россия', 'Сибай', 'Взрослые 1 (20-30 лет)', 'Профессионалы', '', '', 0, 'midi', 'photo!!85!!Bukharbaeva Nerkes.jpg', '', ''),
(86, 'valykozlova', 'valykozlova@yandex.ru', 'Козлова Валентина', '15.10.1979', '+7(921) 449-5506', 'Россия', 'Санкт-Петербург', 'Взрослые 3 (41-50 лет)', 'Любители начинающие', '', 'Токтулатова Дария', 0, 'mini', 'photo!!86!!Козлова Валентина.jpg', '', ''),
(87, 'Toktulasha', 'dasha.toktulasha@gmail.com', 'Токтулатова Дария Джузепповна', '28.07.1997', '+7(911) 782-4971', 'Россия', 'Санкт-Петербург', 'Взрослые 1 (20-30 лет)', 'Профессионалы', 'Школа восточного танца DariArt', 'Дария Токтулатова', 0, 'midi', 'photo!!87!!Токтулатова Дария Джузепповна.jpg', '', ''),
(89, 'Liseyka', 'Navladi@inbox.ru', 'Лисеева Наталья Владимировна', '14.08.1982', '+7(960) 822-0067', 'Россия', 'Москва', 'Взрослые 2 (31-40лет)', 'Профессионалы', 'Джамила (Самара)', 'Наталья Лисеева', 0, 'mini', 'photo!!89!!Лисеева Наталья Владимировна.jpg', '', ''),
(90, 'ludashka200', 'ludashka200@mail.ru', 'Лисунова Екатерина', '04.06.2012', '+7(978) 739-0256', 'Россия', 'Севастополь', 'Дети (7-10лет)', 'Любители продолжающие', 'ШВТ «ТИАРА»', 'Марта Корзун', 0, 'maxi', 'photo!!90!!Лисунова Екатерина.jpeg', '', 'показательные под сд, оркестр - в лист ожидания'),
(91, 'Tanya131961', 'Gridasovatanya@mail.ru', 'Гридасова Татьяна Николаевна', '13.03.1961', '+7(913) 939-8184', 'Россия', 'Новосибирск', 'Взрослые 4 (51 год и старше)', 'Любители продолжающие', 'Латифа', 'Игнатова Ирина', 0, 'mini', 'photo!!91!!Гридасова Татьяна Николаевна.JPG', '', ''),
(92, 'Nata78!', 'natalia.shevkoplias@gmail.com', 'Шевкопляс Наталья', '09.04.1978', '+7(968) 979-2309', 'Россия', 'Москва', 'Взрослые 3 (41-50 лет)', 'Любители продолжающие', 'Bellyrina', 'Анастасия Черновская', 0, 'mini', '', '', 'Прошу забронировать номер в отеле с 30 сентября по 4 октября - 2х местный стандарт'),
(93, '185031', 'irinareut@sampo.ru', 'Реут Ирина', '17.06.1963', '+7(921) 221-7877', 'Россия', 'Санкт-Петербург', 'Взрослые 4 (51 год и старше)', 'Любители продолжающие', 'Танцевальная студия Софии Кондратьевой', 'София Кондратьева', 0, 'mini', 'photo!!93!!Реут И. Ч..jpg', '', ''),
(94, '29012003n', 'vnv245vmr@mail.ru.', 'Vilkova Anastasia', '29.01.2003', '+7(904) 928-0779', 'Россия', 'Нижний Новгород', 'Юниоры 2 (15-19 лет)', 'Профессионалы', 'Dancing hall', 'Кристина Шишкина, Олеся Шишкина', 0, 'midi', 'photo!!94!!Vilkova Anastasia.jpg', '', ''),
(95, 'MyLionRuslan2018', 'faimaris@mail.ru', 'Павловская Наталья Алексеевна', '02.12.1990', '+7(985) 436-0534', 'Россия', 'Москва', 'Взрослые 1 (20-30 лет)', 'Профессионалы', 'Faimaris-dance', 'Павловская Наталья', 15, 'maxi', '', '', ''),
(96, 'marks27', 'i.stiepnova@mail.ru', 'Степнова Евгения Викторовна', '27.08.1973', '+7(916) 919-8022', 'Россия', 'Москва', 'Взрослые 3 (41-50 лет)', 'Любители продолжающие', 'Bellyrina', 'Анастасия Черновская', 0, 'mini', 'photo!!96!!Степнова Евгения Викторовна.jpg', '', 'Беледи/шааби - в лист ожидания'),
(97, '09Mariaa', 'mawa.07@bk.ru', 'Фокина Мария Анатолтевна', '15.10.1987', '+7(963) 680-1116', 'Россия', 'Москва', 'Взрослые 2 (31-40лет)', 'Любители продолжающие', '', '', 0, 'mini', '', '', ''),
(98, 'djkjulf2015', 'trofimowaanjelika@yandex.ru', 'Трофимова Анжелика', '14.10.1972', '+7(963) 340-8557', 'Россия', 'Санкт-Петербург', 'Взрослые 3 (41-50 лет)', 'Любители продолжающие', 'ДариАрт', 'Дария Тактулатова', 0, 'mini', 'photo!!98!!Трофимова Анжелика.png', 'certificate!!98!!Трофимова Анжелика .jpeg', ''),
(99, '15071976', 'jenia15071976@yandex.ru', 'Есипова Евгения Евгеньевна', '15.07.1976', '+7(892) 129-3432', 'Россия', 'Новодвинск', 'Взрослые 3 (41-50 лет)', 'Любители продолжающие', 'Шамадан', 'Боровских Мария', 0, 'midi', 'photo!!99!!Есипова Евгения Евгеньевна.jpg', '', ''),
(101, 'Nataliya7816&', 'aktusya@mail.ru', 'Белова Наталия Сергеевна', '16.09.1978', '+7(922) 281-8162', 'Россия', 'Ноябрьск', 'Взрослые 3 (41-50 лет)', 'Любители продолжающие', '', '', 0, 'maxi', 'photo!!101!!Белова Наталия Сергеевна.JPG', '', ''),
(102, 'bellydancejanap9', 'apenokjana@yandex.ru', 'Правдина Яна Сергеевна', '09.04.1992', '+7(931) 226-9352', 'Россия', 'Санкт-Петербург', 'Взрослые 1 (20-30 лет)', 'Любители продолжающие', '', '', 0, 'mini', 'photo!!102!!Правдина Яна Сергеевна.jpg', 'certificate!!102!!Правдина Яна Сергеевна.jpg', ''),
(105, '0689tatu9387', 'ivarinen-t@mail.ru', 'Иваринен Татьяна', '03.07.1967', '+7(921) 398-5145', 'Россия', 'Санкт-Петербург', 'Взрослые 4 (51 год и старше)', 'Любители продолжающие', 'DariArt', 'Токтулатова Дария', 0, 'mini', 'photo!!105!!Иваринен Татьяна.jpg', '', ''),
(106, 'Macsimcina', 'uxanovao@mail.ru', 'Байрамова Эльмира', '03.01.2001', '+7(902) 788-6737', 'Россия', 'Нижний Новгород', 'Взрослые 1 (20-30 лет)', 'Профессионалы', 'Эльмира', 'Байрамова Эльмира', 0, 'mini', 'photo!!106!!Байрамова Эльмира.jpeg', '', ''),
(107, 'karman_svet', 'karman_svet@mail.ru', 'Карманова Светлана', '25.05.1973', '+7(791) 129-2976', 'Россия', 'Санкт-Петербург', 'Взрослые 3 (41-50 лет)', 'Любители продолжающие', '', 'Токтулатова Дария', 0, 'mini', 'photo!!107!!Карманова Светлана.jpg', '', ''),
(109, 'Bonjovi', 'annadjanan@yandex.ru', 'Лихачёва Анна Джанан', '01.12.1982', '+7(920) 213-0395', 'Россия', 'Врронеж', 'Взрослые 2 (31-40лет)', 'Профессионалы', 'Джанан', 'Анна Джанан Лихачёва', 0, 'maxi', 'photo!!109!!Анна Джанан Лихачёва .jpg', '', 'Королева Импровизации\r\nКОРОНА Мира Мар'),
(110, 'Sevastopol-2021', 'negma@bk.ru', 'Тишина Оксана Валерьевна', '08.04.1973', '+7(951) 231-3031', 'Россия', 'Магнитогорск, Севастополь', 'Взрослые 3 (41-50 лет)', 'Профессионалы', '«ЭЛЬ НЭГМА» Магнитогорск', 'Тишина Оксана', 25, 'midi', 'photo!!110!!Тишина Оксана Валерьевна .jpeg', 'certificate!!110!!Тишина Оксана Валерьевна .jpeg', ''),
(111, 'stepnova27', 's_stepnova@bk.ru', 'Степнова Софья Михайловна', '09.10.2001', '+7(977) 666-8675', 'Россия', 'Москва', 'Юниоры 2 (15-19 лет)', 'Профессионалы', 'BELLYRINA', 'Анастасия Черновская', 0, 'mini', 'photo!!111!!Степнова Софья Михайловна.JPG', '', 'Номинация Королева Импровизации - в лист ожидания'),
(113, '25anutka71', 'anutka2501@yandex.ru', 'Амарин', '25.01.1971', '+7(911) 007-5175', 'Россия', 'Санкт-Петербург', 'Взрослые 3 (41-50 лет)', 'Любители продолжающие', '', 'Кондратьева Анна', 0, 'group', 'photo!!113!!Амарин.JPG', '', 'Зарегистрируйте нас на конкурс. Фолк - 6 человек, шоу 3 - 6 человек.'),
(114, '301279cc', 'kuzmiht@ya.ru', 'Кузнецова Елена Александровна', '28.01.1982', '+7(911) 873-2593', 'Россия', 'Новодвинск', 'Взрослые 2 (31-40лет)', 'Любители продолжающие', 'Шамадан', 'Боровских Мария Александровна', 0, 'midi', '', '', ''),
(115, 'LTS', 'tanyalepeshkina@mail.ru', 'Лепешкина Татьяна Сергеевна', '10.06.1973', '+7(968) 119-4812', 'Россия', 'Магнитогорск', 'Взрослые 3 (41-50 лет)', 'Любители продолжающие', 'Эль Нэгма', 'Тишина Оксана', 0, 'mini', 'photo!!115!!Лепешкина Татьяна Сергеевна.jpg', '', ''),
(116, 'ImaRKAlena77', 'irina_markevich@list.ru', 'Маркевич  Алена', '10.08.2009', '+7(978) 076-3256', 'РФ', 'Севастополь', 'Юниоры 1 (11-14 лет)', 'Любители продолжающие', '', '', 0, 'maxi', '', '', ''),
(117, 'nastya2403', 'nastyasunshine@mail.ru', 'Демидова Анастасия', '24.03.1991', '+7(929) 680-3056', 'Россия', 'Москва', 'Взрослые 1 (20-30 лет)', 'Профессионалы', 'Сандари', '-', 0, 'mini', '', '', ''),
(119, 'Safira1223', 'Tanzilia1005@mail.ru', 'Агишева Танзиля Равиловна', '10.05.1973', '+7(912) 802-2894', 'Россия', 'Магнитогорск', 'Взрослые 3 (41-50 лет)', 'Любители продолжающие', 'Эль Нэгма', 'Тишина Оксана', 0, 'mini', 'photo!!119!!Агишева Танзиля Равиловна.jpg', '', ''),
(120, 'Mira_Ира', 'irinazhelnina@rambler.ru', 'Желнина Ирина', '30.01.1966', '+7(912) 551-2407', 'Россия', 'г.Инта', 'Взрослые 4 (51 год и старше)', 'Любители продолжающие', 'онлайн школа Raks', 'Ольга Комиссарова', 15, 'midi', 'photo!!120!!Желнина.JPG', '', ''),
(121, '908Qwezxc', 'azanta.isar@yandex.ru', 'Азанта Isar', '30.06.1981', '+7(919) 899-8302', 'Россия', 'Москва', 'Взрослые 2 (31-40лет)', 'Любители начинающие', '', 'Анастасия Демидова', 0, 'mini', 'photo!!121!!Азанта Isar.jpg', '', ''),
(122, 'Bellydancelove', 'Gamilya2@mail.ru', 'Васильева Евгения Александровна', '07.10.1978', '+7(912) 434-0838', 'РФ', 'Ноябрьск', 'Взрослые 3 (41-50 лет)', 'Любители продолжающие', '', '', 0, 'midi', '', '', ''),
(123, '25101989', 'lenden6@yandex.ru', 'Денисенко Алена', '25.10.1989', '+7(905) 064-1346', 'Россия', 'Москва', 'Взрослые 2 (31-40лет)', 'Любители продолжающие', '', 'Самостоятельно', 0, 'midi', 'photo!!123!!Денисенко Алена.jpg', '', ''),
(124, '89047544013 ', 'Dinaraamirhanowa@yandex.ru', 'Амирханова Динара', '25.09.1991', '+7(904) 754-4013', 'Россия', 'Волгоград', 'Взрослые 1 (20-30 лет)', 'Любители начинающие', '', '', 0, 'midi', '', '', ''),
(125, 'anastasiya', 'enefimova@yandex.ru', 'Ефимова Елена', '29.01.1972', '+7(903) 724-5897', 'Россия', 'Москва', 'Взрослые 3 (41-50 лет)', 'Любители начинающие', '', 'Анастасия Демидова', 0, 'mini', '', '', ''),
(127, 'Samsung123', 'egor_an95_95@mail.ru', 'Курасова Анна Владимировна', '23.08.1995', '+7(911) 160-0967', 'Россия', 'Санкт-Петербург', 'Взрослые 1 (20-30 лет)', 'Любители продолжающие', '«Наршараб»', 'Генералова Евгения', 0, 'mini', 'photo!!127!!Курасова Анна Владимировна.jpeg', '', ''),
(130, 'Kukla27', 'istiepnova27@yandex.ru', 'Bellyrina', '20.09.1987', '+7(916) 919-8022', 'Россия', 'Москва', 'Взрослые 2 (31-40лет)', 'Любители продолжающие', 'Bellyrina', 'Анастасия Черновская', 0, 'group', 'photo!!130!!Bellyrina.jpg', '', ''),
(132, 'Mi-la-822', 'Halisa.studio@yandex.ru', 'Левчук Елизавета Александровна', '16.05.1994', '+7(951) 789-7383', 'Россия', 'Челябинск', 'Взрослые 1 (20-30 лет)', 'Профессионалы', 'Studio Halisa', 'Левчук Елизавета Александровна', 45, 'maxi', '', '', ''),
(133, 'Xr-em711', 'Kea1994@yandex.ru', 'Halisa', '19.05.1987', '+7(951) 789-7383', 'Россия', 'Челябинск', 'Взрослые 2 (31-40лет)', 'Любители начинающие', 'Studio Halisa', 'Левчук Елизавета Александровна', 0, 'group', '', '', ''),
(134, 'SvetaP', 'svetlana251285@gmail.com', 'Поспелова Светлана Леонидовна', '25.12.1985', '', 'Россия', 'Челябинские', 'Взрослые 2 (31-40лет)', 'Любители начинающие', 'Studio Halisa', 'Левчук Елизавета Александровна', 0, 'maxi', '', '', ''),
(136, 'LisaU', 'zerichelizaveta@mail.ru', 'Юсупова Елизавета Гайдаровна', '30.08.1996', '', 'Россия', 'Челябинск', 'Взрослые 1 (20-30 лет)', 'Любители начинающие', 'Studio Halisa', 'Левчук Елизавета Александровна', 0, 'maxi', '', '', ''),
(137, 'MashaD', 'dorohova0205@mail.ru', 'Дорохова Мария Евгеньевна', '02.05.1991', '', '', '', 'Взрослые 1 (20-30 лет)', 'Любители начинающие', 'Studio Halisa', 'Левчук Елизавета Александровна', 0, 'maxi', '', '', ''),
(138, '12345', 'vtamara78@mail.ru', 'студия Joumana dance', '30.08.1975', '+7(892) 156-8274', 'Россия', 'спб', 'Взрослые 3 (41-50 лет)', 'Любители продолжающие', 'студия Joumana dance', 'ДЖумана', 0, 'group', 'photo!!138!!студия Joumana dance.jpg', '', 'Оriental -Золотой век\r\n4 человека\r\nНекрылова Ольга\r\nЖуравлева Татьяна\r\nКорнееева Маргарита\r\nАрсентьева Юлия'),
(139, 'Anna', 'avasilyeva86@mail.ru', 'Васильева Анна Андреевна', '18.02.1986', '+7(915) 165-7458', 'Россия', 'Москва', 'Взрослые 2 (31-40лет)', 'Любители продолжающие', 'Bellyrina', 'Анастасия Черновская', 0, 'mini', '', '', ''),
(140, '1970', 'totajou@rambler.ru', 'Журавлева Татьяна Евгеньевна', '17.09.1970', '+7(921) 956-9008', 'RU - Россия', 'Санкт-Петербург', 'Взрослые 4 (51 год и старше)', 'Любители начинающие', 'Джумана-Дэнс', 'Василенко Тамара', 0, 'mini', 'photo!!140!!Журавлева Татьяна Евгеньевна.jpg', '', ''),
(141, 'Qwerty', '89219553805@yandex.ru', 'Цирлина Анастасия', '09.06.1977', '+7(921) 955-3805', 'Россия', 'Санкт-Петербург', 'Взрослые 3 (41-50 лет)', 'Профессионалы', 'Дариарт', 'Дария Токтулатова', 0, 'mini', '', '', ''),
(142, '784489', 'kspustina.ekaterina@gmail.com', 'Капустина Екатерина', '23.06.1980', '+7(921) 956-5980', 'Россия', 'Санкт-Петербург', 'Дети (7-10лет)', 'Любители продолжающие', 'Нефертити', 'Дьяконова Людмила', 0, 'mini', '', '', ''),
(143, '123458p', 'pattita92@gmail.com', 'Патимат Исаева ( Pattita Lilit )', '20.09.1992', '+7(963) 793-6865', 'Россия', 'Махачкала', 'Взрослые 1 (20-30 лет)', 'Профессионалы', 'Lilit Hob', 'Патимат Исаева', 30, 'mini', '', 'certificate!!143!!Патимат Исаева .jpeg', 'Большая просьба взять меня в Корону МираМар, если будет местечко'),
(144, '284562', 'yogik-820@ya.ru', 'Фарида Анастасия', '19.11.1982', '+7(902) 147-0050', 'Россия', 'Великий Новгород', 'Взрослые 2 (31-40лет)', 'Профессионалы', '', '', 0, 'mini', '', '', 'Корона Мирамар, классический ориенталь оркестр'),
(145, 'gulchatay2021', 'dvta_khv@mail.ru', 'Андрейко Ольга', '03.09.1984', '+7(909) 870-1159', 'Россия', 'Хабаровск', 'Взрослые 2 (31-40лет)', 'Профессионалы', 'Студия восточного танца Гюльчатай', 'Андрейко Ольга', 0, 'midi', 'photo!!145!!Андрейко Ольга.jpg', '', ''),
(146, '123457', 'Jadi_@mail.ru', 'Пащанина Евгения', '02.08.1986', '+7(999) 989-9518', 'Россия', 'Москва Зеленоград', 'Взрослые 2 (31-40лет)', 'Профессионалы', '---', '---', 100, 'all_ws', 'photo!!146!!Пащанина Евгения.jpg', 'certificate!!146!!Пащанина Евгения.jpg', 'Показательные выступления под СД: дуэт Пащанина Евгения и Наталья Шевкопляс в лист ожидания\r\nВ лист ожидания: беледишааби под оркестр, показательные выступления соло под оркестр'),
(147, 'estradashaabi', 'liza.petuxova.02@gmail.com', 'Петухова Елизавета Константиновна', '30.06.2002', '+7(950) 405-0527', 'Россия', 'Санкт-Петербург', 'Юниоры 2 (15-19 лет)', 'Любители продолжающие', '', '', 0, 'mini', '', '', 'Беледи +табла соло импровизация оркестр'),
(148, 'gulchatay2020', 'olgaandreyko84@gmail.com', 'Волкова Елена', '31.10.1980', '+7(909) 870-1159', 'Россия', 'Хабаровск', 'Взрослые 2 (31-40лет)', 'Любители начинающие', 'Студия восточного танца Гюльчатай', 'Андрейко Ольга', 0, 'midi', '', '', ''),
(149, 'anastasia2009', 'perelomovaekaterina992@gmail.com', 'Шорохова Анастасия Эдуардовна', '02.03.2009', '+7(911) 569-5480', 'Россия', 'Архангельск', 'Юниоры 1 (11-14 лет)', 'Любители начинающие', 'Фарид', 'Переломова Екатерина Егоровна', 0, 'mini', '', '', ''),
(150, '820143', 'nina.sozonova@mail.ru', 'Созонова Нина', '12.08.1972', '+7(911) 569-5480', 'Россия', 'Архангельск', 'Взрослые 3 (41-50 лет)', 'Любители начинающие', 'Фарид', 'Екатерина Переломова', 0, 'mini', '', '', ''),
(151, 'zaq12wsx', 'Ya.oks597@yandex.ru', 'Посохова Оксана', '05.02.1974', '+7(902) 560-1923', 'Россия', 'Иркутск', 'Взрослые 3 (41-50 лет)', 'Профессионалы', 'Чаровница', 'Посохова Оксана', 0, 'mini', 'photo!!151!!Оксана Вячеславовна Посохова.jpg', '', 'Классический ориенталь СД\r\nЭстрадная песня СД'),
(152, '88menode', 'farzalina.kristi@mail.ru', 'Воронина Кристина Рамилевна', '16.01.1993', '+7(911) 700-5642', 'Россия', 'Санкт-Петербург', 'Взрослые 1 (20-30 лет)', 'Профессионалы', 'руководитель студии KrisDance', '', 0, 'mini', 'photo!!152!!Воронина Кристина Рамилевна.jpg', '', ''),
(153, '13franshiza', 'kamenevany@gmail.com', 'Каменева Надежда Яковлевна', '21.07.1966', '+7(902) 924-1013', 'Россия', 'Красноярск', 'Взрослые 4 (51 год и старше)', 'Любители продолжающие', '', '', 0, 'mini', 'photo!!153!!Каменева Надежда Яковлевна.jpg', '', ''),
(156, 'Rimi2021', 'milady86@inbox.ru', 'Смирнова Анастасия Александровна', '10.05.1986', '+7(960) 182-7658', 'Россия', 'Нижний Новгород', 'Взрослые 2 (31-40лет)', 'Любители начинающие', 'Хамса', 'Афанасьева Анастасия Владимировна', 0, 'mini', 'photo!!156!!Смирнова Анастасия Александровна.JPG', '', ''),
(157, '513528', 'anna_shmakova@bk.ru', 'Шмакова Анна Владимировна', '17.03.1985', '+7(985) 414-6656', 'Россия', 'Москва', 'Взрослые 2 (31-40лет)', 'Любители продолжающие', 'Armelle', 'Анастасия Лобода', 0, 'mini', 'photo!!157!!Шмакова Анна Владимировна.jpg', '', ''),
(158, 'qaz0811', 'popovang-kpaca@mail.ru', 'Попова Наталья', '19.08.1978', '+7(908) 153-4333', 'Россия', 'Нижний Новгород', 'Взрослые 3 (41-50 лет)', 'Любители продолжающие', 'Хамса', 'Афанасьева Анастасия', 6, 'midi', 'photo!!158!!Попова Наталья Геннадьевна.jpg', '', 'Скидка 6% + доп. 1 номинация под СД'),
(160, 'nargiz11052014', 'n_varfolomeeva@mail.ru', 'Джаббарова Милана', '11.05.2014', '+7(912) 955-2660', 'Россия', 'ухта', 'Дети (7-10лет)', 'Любители начинающие', 'Наргиз', 'Джаббарова Наталья', 0, 'mini', 'photo!!160!!Джаббарова Милана.jpg', '', ''),
(161, 'nargiz5447669411901', 'djabbarova.natalia@yandex.ru', 'Джаббарова Наталья', '19.01.1988', '+7(904) 273-2609', 'Россия', 'ухта', 'Взрослые 2 (31-40лет)', 'Профессионалы', 'Наргиз', 'Джаббарова Наталья', 0, 'mini', 'photo!!161!!Джаббарова Наталья.jpg', '', ''),
(162, '11092007', 'moste16@mail.ru', 'Москалева Ангелина Евгеньевна', '16.07.2004', '+7(950) 757-7035', 'Россия', 'Воронеж', 'Юниоры 2 (15-19 лет)', 'Профессионалы', 'Беатриче', 'Токарева Юлия Александровна', 0, 'maxi', 'photo!!162!!Москалева Ангелина Евгеньевна.jpeg', '', ''),
(163, '342005', 'nastia66@rambler.ru', 'Афанасьева Анастасия', '29.03.1974', '+7(891) 038-9477', 'Россия', 'Нижний Новгород', 'Взрослые 3 (41-50 лет)', 'Профессионалы', 'Хамса', '', 0, 'midi', 'photo!!163!!Афанасьева Анастасия.07', '', ''),
(164, 'Yes1964$07', 'kohan8@mail.ru', 'Кохан Оксана Валерьевна', '07.10.1964', '+7(902) 898-0928', 'Россия', 'Магнитогорск', 'Взрослые 4 (51 год и старше)', 'Любители продолжающие', 'ЭльНэгма', 'Тишина Оксана Валерьевна', 0, 'midi', 'photo!!164!!Кохан Оксана Валерьевна.jpg', '', ''),
(165, 'milena030105', 'milenapiskunova8@gmail.com', 'Пискунова Милена', '03.01.2005', '+7(701) 489-4719', 'Казахстан', 'Караганда', 'Юниоры 2 (15-19 лет)', 'Любители продолжающие', 'Professional', 'Османова Светлана', 0, 'maxi', 'photo!!165!!Пискунова Милена.jpeg', '', 'В листе ожидания: \r\n1.египетский фольклор сд\r\n2.неегипетский фольклор сд\r\n3.беледи/шааби оркестр'),
(166, 'NANA22SASA11', 'kutina.nadu10@mail.ru', 'Кутина Надежда Алексеевна', '22.11.1999', '+7(911) 871-0522', 'Россия', 'Новодвинск, Архангельская область', 'Взрослые 1 (20-30 лет)', 'Любители начинающие', 'Шамадан', 'Боровских Мария Александровна', 0, 'midi', 'photo!!166!!Кутина Надежда Алексеевна .jpeg', '', ''),
(168, 'мария123', 'oriental85@yandex.ru', 'Буркова Мария Анатольевна', '09.05.1985', '+7(960) 123-8989', 'Россия', 'Воронеж', 'Взрослые 2 (31-40лет)', 'Профессионалы', 'ORIENTAL DANCE', 'Буркова Мария', 0, 'mini', 'photo!!168!!Буркова Мария Анатольевна.jpg', '', 'Классический ориенталь под оркестр или показательное выступление под оркестр'),
(169, 'Aksena2003', 'tsvetkova.ks2017@yandex.ru', 'Цветкова Ксения', '05.08.2003', '+7(996) 346-5897', 'Россия', 'Смоленск', 'Юниоры 2 (15-19 лет)', 'Профессионалы', 'ЦЭТ «Жар-птица»', 'Светлана Жарикова', 0, 'midi', 'photo!!169!!Цветкова Ксения Алексеевна.jpeg', '', 'Корона - в лист ожидания'),
(170, 'Avrora2003', 'avrora.070803@mail.ru', 'Щёголева Аврора', '07.08.2003', '+7(914) 587-2554', 'Россия', 'Благовещенск', 'Юниоры 2 (15-19 лет)', 'Профессионалы', 'ШВТ «Адамс»', 'Устимова Анастасия Александровна', 0, 'midi', 'photo!!170!!Аврора Щёголева .jpeg', '', ''),
(171, '03071951', 'zhigaylovan@mail.ru', 'Жигайлова Алина Викторовна', '13.11.2007', '+7(914) 399-5979', 'Россия', 'Благовещенск', 'Юниоры 1 (11-14 лет)', 'Любители продолжающие', 'Адара', 'Устимова Анастасия', 0, 'mini', '', '', ''),
(173, 'Varvara2006', 'bankinavarvara06@gmail.com', 'Бянкина Варвара Евгеньевна', '24.07.2005', '+7(891) 404-0774', 'Россия', 'Благовещенск', 'Юниоры 2 (15-19 лет)', 'Любители продолжающие', 'ADARA', 'Устимова Анастасия Александровна', 0, 'mini', '', '', 'CD\r\nOriental соло'),
(175, '210574', 'kondrusick2013@yandex.ru', 'Кондрусик Дарья', '27.03.2010', '+7(914) 041-5943', 'Россия', 'Благовещенск', 'Юниоры 1 (11-14 лет)', 'Любители продолжающие', 'Адара', 'Устимова Анастасия  Александровна', 0, 'mini', '', '', 'Сольно\r\nТабло\r\nШоу\r\nБелади\r\nКлассика\r\n\r\nОркестр'),
(176, 'Shushkova2014', 'novosel.reklama@mail.ru', 'Шушкова Анастасия', '20.11.2014', '+7(912) 955-2660', 'Россия', 'Ухта', 'Дети (7-10лет)', 'Любители начинающие', 'Наргиз', 'Джаббарова Наталья', 0, 'mini', 'photo!!176!!Шушкова Анастасия.jpg', '', ''),
(178, 'm14denis', 'marina-sedova@mail.ru', 'Марина Валерьевна Седова', '14.06.1960', '+7(910) 815-3573', 'Россия', 'Ярославль', 'Взрослые 4 (51 год и старше)', 'Профессионалы', 'Фархана', 'Седова Марина', 0, 'maxi', 'photo!!178!!Марина Валерьевна Седова.JPG', '', ''),
(180, 'Пушкин 50', 'riashina.nat@yandex.ru', 'Ряшина Наталия', '18.09.1969', '+7(906) 279-5524', 'Россия', 'Санкт-Петербург', 'Взрослые 4 (51 год и старше)', 'Любители продолжающие', 'Индивидуально', 'Разные преподаватели', 0, 'mini', 'photo!!180!!Ряшина Наталия.jpg', '', ''),
(181, 'verlen2710', 'Lebel-2006@yandex.ru', 'Сокур Екатерина Владимировна', '27.10.1989', '+7(981) 913-5127', 'Росиия', 'Санкт-Петербург', 'Взрослые 2 (31-40лет)', 'Профессионалы', 'Дариарт', 'Дария Токтулатова', 0, 'mini', 'photo!!181!!Сокур Екатерина Владимировна.JPG', '', ''),
(182, '258369', 'unkuprina@yandex.ru', 'Куприна Ульяна', '28.03.1985', '+7(921) 784-0870', 'Россия', 'Санкт-Петербург', 'Взрослые 2 (31-40лет)', 'Любители начинающие', 'Азхар', 'Елена Коробейникова', 0, 'midi', 'photo!!182!!Куприна Ульяна.jpg', '', ''),
(183, 'Sa94vv49a1996', 'tanysha_fedosenko@mail.ru', 'Федосенко Татьяна', '10.08.1996', '+7(924) 218-3304', 'Россия', 'Хабароск', 'Взрослые 1 (20-30 лет)', 'Профессионалы', 'Гюльчатай', '', 0, 'maxi', 'photo!!183!!Федосенко Татьяна .jpg', '', ''),
(184, '123457', 'Kalinkasad@mail.ru', 'Ушакова Ирина', '02.03.1965', '+7(977) 807-1547', 'Россия', 'Зеленоград', 'Взрослые 4 (51 год и старше)', 'Любители начинающие', '', 'Пащанина Евгения', 0, 'mini', '', '', ''),
(185, '83118z', 'miss_dance_vikky@bk.ru', 'Васюткина Виктория Сергеевна', '01.03.1993', '+7(911) 266-4222', 'РФ', 'Санкт-Петербург', 'Взрослые 1 (20-30 лет)', 'Профессионалы', 'Albi', '-', 0, 'mini', 'photo!!185!!Васюткина Виктория Сергеевна.jpeg', '', 'Королева Импровизации Оркестр лист ожидания'),
(186, 'rx150608', 'regina.khmeleva@mail.ru', 'Хмелёва Регина Павловна', '15.06.2008', '+7(924) 145-5369', 'Россия', 'Благовещенск', 'Юниоры 1 (11-14 лет)', 'Любители продолжающие', 'Адара', 'Устимова Анастасия Александровна', 0, 'mini', 'photo!!186!!Хмелёва Регина Павловна .jpeg', '', ''),
(188, 'veneziya2012 ', 'ola_nekrylova@mail.ru', 'Некрылова Ольга', '31.10.1978', '+7(921) 303-8870', 'Россия', 'Санкт-Петербург', 'Взрослые 3 (41-50 лет)', 'Любители продолжающие', 'Joumana dance', 'Тамара Василенко', 0, 'mini', '', '', ''),
(189, '050990', 'tanculka_1990@mail.ru', 'Устимова Анастасия Александровна', '05.09.1990', '+7(892) 467-1909', 'Россия', 'Благовещенск', 'Взрослые 2 (31-40лет)', 'Профессионалы', 'ADARA', 'Устимова А.А', 0, 'maxi', '', '', ''),
(190, 'алхена', 'nataly-bozhkov@yandex.ru', 'Божкова Наталья', '15.04.1978', '+7(921) 165-2604', 'Россия', 'Мурманск', 'Взрослые 3 (41-50 лет)', 'Профессионалы', '', 'Божкова Н.', 0, 'midi', 'photo!!190!!Божкова Наталья.jpg', '', 'запишите меня в лист ожидания на оркестр классику'),
(191, '100892', 'karina.melnikova.mka@gmail.com', 'Мельникова Карина Алексеевна', '10.06.1992', '+7(965) 324-8240', 'Россия', 'Москва', 'Взрослые 1 (20-30 лет)', 'Профессионалы', 'Arabian Gold', '', 0, 'midi', 'photo!!191!!Мельникова Карина Алексеевна.png', '', 'Также хотелось бы попасть  в номинации: \r\n \r\n- Классический ориенталь Оркестр\r\n- Королева Импровизации Оркестр\r\n- Корона МираМар Оркестр\r\n- Показательное выступление Оркестр\r\n  \r\nРепетиция с оркестром №1'),
(192, 'KatyM', 'leekoi@mail.ru', 'Мещерякова Екатерина', '', '', '', '', 'Дети (7-10лет)', 'Профессионалы', 'Halisa studio', 'Елизавета Левчук', 0, 'maxi', '', '', ''),
(193, '151188240367', 'natafffka-mari@mail.ru', 'Горшкова Наталия Вячеславовна', '15.11.1988', '+7(903) 349-1032', 'Россия', 'Астрахань', 'Взрослые 2 (31-40лет)', 'Профессионалы', 'NataliDanceArt', 'Горшкова Н.В.', 0, 'midi', '', '', 'Прошу внести меня в лист ожидания в номинации:\r\n-Классический ориенталь Оркестр\r\n-Корона МираМар Оркестр\r\n-Королева Импровизации Оркестр\r\n-Показательное выступление СД'),
(195, 'dko981K', 'softeka@inbox.ru', 'Корчажкина Дарья', '22.09.1984', '+7(911) 279-5583', 'Россия', 'Санкт-Петербург', 'Взрослые 2 (31-40лет)', 'Профессионалы', '', 'Корчажкина Дарья', 0, 'maxi', 'photo!!195!!Корчажкина Дарья.JPG', '', ''),
(196, 'Miramar2021', 'marien_19@mail.ru', 'Бабенко Марина Владимировна', '19.05.1986', '+7(921) 332-6911', 'Россия', 'Санкт-Петербург', 'Взрослые 2 (31-40лет)', 'Любители продолжающие', '', 'Юлия Дарвиш', 0, 'all_ws', '', '', ''),
(197, '2609', 'hkolmsk-asmera', 'Мацкевич Ольга Васильевна', '24.08.1966', '+7(962) 419-7124', 'Россия', 'Южно-Сахалинск', 'Взрослые 4 (51 год и старше)', 'Любители продолжающие', 'Магия Востока', '', 0, 'maxi', '', '', 'Номинации: шоу табла СД, классика ориенталь СД, египетский фольклор СД, классика оркестр.'),
(198, 'nur123', 'nuriya7321@mail.ru', 'Алимбекова Нурия Кямильевна', '12.03.1983', '+7(905) 393-6935', 'Россия', 'Волгоград', 'Взрослые 2 (31-40лет)', 'Любители продолжающие', '', '', 0, 'mini', 'photo!!198!!Алимбекова Нурия Кямильевна.jpg', '', ''),
(199, 'vfc0510', 'sarkeeva@mail.ru', 'Щукина Екатерина', '05.10.1975', '+7(981) 827-9115', 'Россия', 'Санкт-Петербург', 'Взрослые 3 (41-50 лет)', 'Любители начинающие', '-', '-', 0, 'mini', '', '', ''),
(200, 'Bellydance13', 'ms.daryana13@mail.ru', 'Daryana Alianitskaya', '13.06.1998', '', 'Belarus', 'Vitebsk', 'Взрослые 1 (20-30 лет)', 'Любители начинающие', 'Azalais', 'Ani Avagimyan', 0, 'maxi', 'photo!!200!!Daryana Alianitskaya.jpeg', '', '+375298509555'),
(203, '777Kbkz777', 'llliliya-2007@mail.ru', 'Милена Муртазина Наилевна', '24.04.2004', '+7(892) 724-3807', 'Россия', 'г. Набережные Челны', 'Юниоры 2 (15-19 лет)', 'Профессионалы', 'Индивидуальный Танцор', 'Милена Муртазина', 0, 'midi', 'photo!!203!!Милена Муртазина Наилевна.jpg', '', ''),
(206, '1MPRE55ion90!', 'marinapervova@list.ru', '', '', '', '', '', '', '', '', '', 0, '', '', '', ''),
(207, 'wsxedc45', 'tenyukh-julia@mail.ru', 'Тенюх Юлия Анатольевна', '28.04.1988', '+7(981) 785-5731', 'Россия', 'Санкт-Петербург', 'Взрослые 2 (31-40лет)', 'Профессионалы', 'Жар-Птица', 'Юлия Тенюх', 0, 'mini', 'photo!!207!!Тенюх Юлия Анатольевна .jpeg', '', ''),
(208, 'Password-2', 'mail@mail.ru', '', '', '', '', '', '', '', '', '', 0, '', '', '', '');

-- --------------------------------------------------------

--
-- Структура таблицы `festival_parts`
--

CREATE TABLE `festival_parts` (
  `id` int(8) NOT NULL,
  `part` varchar(250) NOT NULL
) ENGINE=InnoDB DEFAULT CHARSET=utf8;

--
-- Дамп данных таблицы `festival_parts`
--

INSERT INTO `festival_parts` (`id`, `part`) VALUES
(2, '1-st part'),
(3, '2-nd part');

-- --------------------------------------------------------

--
-- Структура таблицы `festival_payment`
--

CREATE TABLE `festival_payment` (
  `id` int(10) NOT NULL,
  `date` date NOT NULL,
  `user_id` int(10) NOT NULL,
  `amount` int(10) NOT NULL
) ENGINE=InnoDB DEFAULT CHARSET=utf8;

--
-- Дамп данных таблицы `festival_payment`
--

INSERT INTO `festival_payment` (`id`, `date`, `user_id`, `amount`) VALUES
(8, '2021-05-09', 66, 11865),
(9, '2021-05-03', 67, 11000),
(10, '2021-05-03', 65, 10990),
(13, '2021-05-14', 71, 9330),
(14, '2021-05-07', 74, 12985),
(15, '2021-05-08', 78, 6000),
(16, '2021-05-07', 80, 17000),
(17, '2021-05-07', 81, 23800),
(18, '2021-05-07', 85, 20100),
(19, '2021-05-12', 86, 15500),
(20, '2021-05-08', 87, 1000),
(21, '2021-05-08', 91, 12075),
(22, '2021-05-08', 92, 19200),
(23, '2021-05-09', 93, 12700),
(24, '2021-05-08', 98, 6755),
(25, '2021-05-12', 101, 13720),
(26, '2021-05-12', 102, 6300),
(27, '2021-05-13', 110, 7630),
(28, '2021-05-13', 114, 9380),
(29, '2021-05-17', 77, 7175),
(30, '2021-05-17', 83, 7175),
(31, '2021-05-17', 97, 6000),
(32, '2021-05-17', 113, 3500),
(33, '2021-05-18', 105, 5425),
(36, '2021-05-19', 116, 19450),
(37, '2021-05-13', 70, 11750),
(38, '2021-05-19', 94, 15000),
(39, '2021-05-19', 119, 7210),
(40, '2021-05-20', 127, 7750),
(41, '2021-05-19', 84, 13650),
(42, '2021-05-18', 76, 8000),
(43, '2021-05-20', 89, 13150),
(44, '2021-05-20', 96, 6720),
(45, '2021-05-20', 99, 8250),
(46, '2021-05-21', 99, 255),
(47, '2021-05-21', 121, 6300),
(48, '2021-05-21', 143, 7000),
(49, '2021-05-21', 107, 5425),
(51, '2021-05-22', 148, 7150),
(52, '2021-05-22', 132, 10000),
(53, '2021-05-22', 134, 9000),
(54, '2021-05-22', 137, 10000),
(55, '2021-05-13', 106, 12250),
(56, '2021-05-22', 120, 9500),
(57, '2021-05-23', 123, 20500),
(59, '2021-05-23', 139, 10000),
(60, '2021-05-23', 95, 15000),
(61, '2021-05-24', 140, 15500),
(62, '2021-05-24', 136, 9000),
(63, '2021-05-24', 111, 10900),
(65, '0000-00-00', 0, 0),
(67, '2021-05-22', 115, 7000),
(68, '2021-05-28', 122, 11655),
(69, '2021-05-28', 125, 8400),
(70, '2021-05-28', 156, 5425),
(71, '2021-05-26', 157, 6300),
(72, '2021-05-25', 153, 8500),
(73, '2021-05-28', 150, 7200),
(74, '2021-05-28', 97, 6000),
(75, '2021-05-25', 147, 20600),
(76, '2021-05-27', 158, 10250),
(77, '2021-05-29', 117, 6300),
(78, '2021-05-29', 163, 7200),
(79, '2021-05-30', 152, 9000),
(80, '2021-05-30', 176, 7750),
(81, '2021-05-31', 124, 7175),
(82, '2021-05-31', 178, 15000),
(83, '2021-05-29', 162, 12500),
(84, '2021-05-31', 165, 15000),
(85, '2021-05-31', 142, 6000),
(86, '2021-05-31', 79, 10000),
(87, '2021-05-31', 166, 7200),
(88, '2021-05-31', 135, 10000),
(89, '2021-05-31', 151, 7245),
(90, '2021-05-31', 174, 8600),
(91, '2021-05-31', 141, 6300),
(92, '2021-05-31', 170, 9000),
(93, '2021-05-31', 168, 5100),
(94, '2021-05-31', 181, 5500),
(95, '2021-05-31', 171, 20600),
(96, '2021-05-31', 173, 15000),
(97, '2021-05-31', 183, 10045),
(98, '2021-05-31', 149, 7210),
(99, '2021-05-31', 109, 11025),
(100, '2021-05-31', 180, 9100),
(101, '2021-05-31', 87, 10000),
(102, '2021-05-31', 144, 5000),
(103, '2021-05-31', 106, 1300),
(104, '2021-05-31', 164, 9000),
(106, '2021-05-31', 185, 7200),
(107, '2021-05-31', 188, 8250),
(108, '2021-05-31', 160, 8950),
(109, '2021-05-31', 161, 10950),
(110, '2021-05-31', 186, 8085),
(111, '2021-05-31', 175, 10300),
(112, '2021-06-07', 197, 21500),
(113, '2021-05-31', 189, 15000),
(114, '2021-06-09', 67, 11000),
(115, '2021-06-09', 191, 10750),
(116, '2021-06-10', 179, 9450),
(117, '2021-06-10', 145, 7630),
(118, '2021-06-10', 182, 8960),
(119, '2021-06-11', 192, 8000),
(120, '2021-06-11', 177, 5000),
(121, '2021-06-13', 190, 8000),
(122, '2021-06-14', 146, 5700),
(123, '2021-06-14', 184, 16500),
(125, '2021-06-15', 90, 17400),
(126, '2021-06-17', 169, 5120),
(127, '2021-06-17', 65, 10990),
(128, '2021-06-18', 195, 13000),
(129, '2021-06-12', 193, 8505),
(130, '2021-06-21', 98, 6755),
(131, '2021-05-31', 196, 8000),
(132, '2021-06-22', 78, 6000),
(133, '2021-06-23', 198, 8000),
(134, '2021-06-22', 200, 27000),
(135, '2021-07-01', 76, 7000),
(136, '2021-07-04', 71, 10000),
(137, '2021-07-04', 130, 7000),
(138, '2021-07-05', 74, 7200),
(139, '2021-07-06', 66, 11865),
(140, '2021-07-07', 99, 7900),
(141, '2021-07-07', 102, 7000),
(142, '2021-07-07', 96, 6720),
(143, '2021-07-07', 91, 12075),
(144, '2021-07-08', 138, 7000),
(145, '2021-07-09', 107, 5425),
(146, '2021-07-10', 86, 2500),
(147, '2021-07-12', 114, 9380),
(148, '2021-07-13', 101, 15000),
(149, '2021-07-13', 115, 7000),
(150, '2021-07-13', 166, 13300),
(151, '2021-07-13', 110, 4045),
(152, '2021-07-14', 156, 5425),
(153, '2021-07-14', 168, 6700),
(154, '2021-07-14', 134, 10000),
(155, '2021-07-14', 98, 5790),
(156, '2021-07-14', 120, 9500),
(157, '2021-07-14', 121, 6300),
(158, '2021-07-14', 133, 3500),
(159, '2021-07-13', 122, 11655),
(160, '2021-07-15', 87, 8000),
(161, '2021-07-15', 105, 5425),
(162, '2021-07-15', 119, 7210),
(163, '2021-07-15', 97, 3500),
(164, '2021-07-15', 84, 13650),
(165, '2021-07-15', 83, 7000),
(166, '2021-07-15', 117, 8050),
(167, '2021-07-16', 176, 7750),
(168, '2021-07-17', 153, 8000),
(169, '2021-07-17', 109, 11025),
(170, '2021-07-15', 77, 8000),
(171, '2021-07-18', 149, 7210),
(173, '2021-07-19', 143, 7000),
(174, '2021-07-19', 192, 10000),
(175, '2021-07-19', 137, 10000),
(176, '2021-07-19', 136, 10000),
(177, '2021-07-20', 141, 6300),
(178, '2021-07-21', 203, 25300),
(179, '2021-07-22', 148, 7350),
(180, '2021-07-20', 149, 7210),
(181, '2021-07-22', 150, 7200),
(182, '2021-07-23', 182, 8960),
(183, '2021-07-21', 95, 10000),
(184, '2021-07-20', 142, 6000),
(185, '2021-07-17', 124, 7175),
(186, '2021-07-24', 157, 6300),
(187, '2021-07-25', 163, 7200),
(188, '2021-07-26', 164, 9000),
(189, '2021-07-27', 181, 5500),
(190, '2021-07-24', 151, 7245),
(191, '2021-07-28', 185, 7000),
(192, '2021-07-30', 193, 8505),
(193, '2021-06-08', 199, 6400),
(194, '2021-07-26', 145, 7630),
(195, '2021-08-04', 173, 6800),
(196, '2021-07-31', 207, 9600),
(197, '2021-08-05', 134, 7000),
(198, '2021-08-05', 132, 7550),
(199, '2021-08-01', 148, 1295),
(200, '2021-08-07', 144, 10000),
(201, '2021-08-08', 183, 18655),
(202, '2021-08-09', 186, 5425),
(203, '2021-08-09', 190, 8000),
(204, '2021-08-09', 195, 13000);

-- --------------------------------------------------------

--
-- Структура таблицы `festival_price`
--

CREATE TABLE `festival_price` (
  `id` int(10) NOT NULL,
  `date` date NOT NULL,
  `meta_type` varchar(250) NOT NULL,
  `meta` varchar(250) NOT NULL,
  `price` int(10) NOT NULL
) ENGINE=InnoDB DEFAULT CHARSET=utf8;

--
-- Дамп данных таблицы `festival_price`
--

INSERT INTO `festival_price` (`id`, `date`, `meta_type`, `meta`, `price`) VALUES
(449, '2021-05-01', 'master', '33', 3000),
(450, '2021-05-01', 'master', '34', 3000),
(451, '2021-05-01', 'master', '35', 1200),
(452, '2021-05-01', 'master', '45', 3000),
(453, '2021-05-01', 'master', '46', 3000),
(454, '2021-05-01', 'master', '47', 3000),
(455, '2021-05-01', 'master', '48', 3000),
(456, '2021-05-01', 'master', '49', 3000),
(457, '2021-05-01', 'master', '50', 3000),
(458, '2021-05-01', 'cd', '36', 1300),
(459, '2021-05-01', 'cd', '37', 1300),
(460, '2021-05-01', 'cd', '38', 1300),
(461, '2021-05-01', 'cd', '51', 1300),
(462, '2021-05-01', 'cd', '52', 1300),
(463, '2021-05-01', 'cd', '53', 1300),
(464, '2021-05-01', 'cd', '62', 1300),
(465, '2021-05-01', 'cd', '68', 3500),
(466, '2021-05-01', 'cd', '70', 3500),
(467, '2021-05-01', 'cd', '71', 3500),
(468, '2021-05-01', 'orchestra', '39', 2500),
(469, '2021-05-01', 'orchestra', '40', 2500),
(470, '2021-05-01', 'orchestra', '41', 2500),
(471, '2021-05-01', 'orchestra', '61', 6500),
(472, '2021-05-01', 'orchestra', '63', 7000),
(473, '2021-05-01', 'orchestra', '64', 2000),
(474, '2021-05-01', 'orchestra', '65', 1200),
(475, '2021-05-01', 'orchestra', '66', 1200),
(476, '2021-05-01', 'food', '42', 0),
(477, '2021-05-01', 'food', '44', 0),
(478, '2021-05-01', 'food', '55', 0),
(479, '2021-05-01', 'food', '58', 0),
(480, '2021-05-01', 'food', '59', 0),
(481, '2021-05-01', 'food', '60', 0),
(482, '2021-05-01', 'package', 'mini', 15500),
(483, '2021-05-01', 'package', 'midi', 20500),
(484, '2021-05-01', 'package', 'maxi', 25000),
(485, '2021-05-01', 'package', 'junior', 10500),
(486, '2021-05-01', 'package', 'study', 11500),
(487, '2021-05-01', 'package', 'all_ws', 20500),
(488, '2021-06-01', 'master', '33', 3500),
(489, '2021-06-01', 'master', '34', 3500),
(490, '2021-06-01', 'master', '35', 1400),
(491, '2021-06-01', 'master', '45', 3500),
(492, '2021-06-01', 'master', '46', 3500),
(493, '2021-06-01', 'master', '47', 3500),
(494, '2021-06-01', 'master', '48', 3500),
(495, '2021-06-01', 'master', '49', 3500),
(496, '2021-06-01', 'master', '50', 3500),
(497, '2021-06-01', 'cd', '36', 1400),
(498, '2021-06-01', 'cd', '37', 1400),
(499, '2021-06-01', 'cd', '38', 1400),
(500, '2021-06-01', 'cd', '51', 1400),
(501, '2021-06-01', 'cd', '52', 1400),
(502, '2021-06-01', 'cd', '53', 1400),
(503, '2021-06-01', 'cd', '62', 1400),
(504, '2021-06-01', 'cd', '68', 3500),
(505, '2021-06-01', 'cd', '70', 3500),
(506, '2021-06-01', 'cd', '71', 3500),
(507, '2021-06-01', 'orchestra', '39', 2700),
(508, '2021-06-01', 'orchestra', '40', 2700),
(509, '2021-06-01', 'orchestra', '41', 2700),
(510, '2021-06-01', 'orchestra', '61', 7000),
(511, '2021-06-01', 'orchestra', '63', 7500),
(512, '2021-06-01', 'orchestra', '64', 2200),
(513, '2021-06-01', 'orchestra', '65', 1300),
(514, '2021-06-01', 'orchestra', '66', 1300),
(515, '2021-06-01', 'food', '42', 0),
(516, '2021-06-01', 'food', '44', 0),
(517, '2021-06-01', 'food', '55', 0),
(518, '2021-06-01', 'food', '58', 0),
(519, '2021-06-01', 'food', '59', 0),
(520, '2021-06-01', 'food', '60', 0),
(521, '2021-06-01', 'package', 'mini', 16500),
(522, '2021-06-01', 'package', 'midi', 21500),
(523, '2021-06-01', 'package', 'maxi', 26000),
(524, '2021-06-01', 'package', 'junior', 11500),
(525, '2021-06-01', 'package', 'study', 12500),
(526, '2021-06-01', 'package', 'all_ws', 21500),
(527, '2021-06-01', 'package', 'group', 0),
(528, '2021-07-01', 'master', '33', 3500),
(529, '2021-07-01', 'master', '34', 3500),
(530, '2021-07-01', 'master', '35', 3500),
(531, '2021-07-01', 'master', '45', 3500),
(532, '2021-07-01', 'master', '46', 3500),
(533, '2021-07-01', 'master', '47', 3500),
(534, '2021-07-01', 'master', '48', 3500),
(535, '2021-07-01', 'master', '49', 3500),
(536, '2021-07-01', 'master', '50', 3500),
(537, '2021-07-01', 'cd', '36', 1400),
(538, '2021-07-01', 'cd', '37', 1400),
(539, '2021-07-01', 'cd', '38', 1400),
(540, '2021-07-01', 'cd', '51', 1400),
(541, '2021-07-01', 'cd', '52', 1400),
(542, '2021-07-01', 'cd', '53', 1400),
(543, '2021-07-01', 'cd', '62', 1400),
(544, '2021-07-01', 'cd', '68', 3500),
(545, '2021-07-01', 'cd', '70', 3500),
(546, '2021-07-01', 'cd', '71', 3500),
(547, '2021-07-01', 'orchestra', '39', 2700),
(548, '2021-07-01', 'orchestra', '40', 2700),
(549, '2021-07-01', 'orchestra', '41', 2700),
(550, '2021-07-01', 'orchestra', '61', 7000),
(551, '2021-07-01', 'orchestra', '63', 7500),
(552, '2021-07-01', 'orchestra', '64', 2000),
(553, '2021-07-01', 'orchestra', '65', 1300),
(554, '2021-07-01', 'orchestra', '66', 1300),
(555, '2021-07-01', 'food', '42', 0),
(556, '2021-07-01', 'food', '44', 0),
(557, '2021-07-01', 'food', '55', 0),
(558, '2021-07-01', 'food', '58', 0),
(559, '2021-07-01', 'food', '59', 0),
(560, '2021-07-01', 'food', '60', 0),
(561, '2021-07-01', 'package', 'mini', 17500),
(562, '2021-07-01', 'package', 'midi', 22500),
(563, '2021-07-01', 'package', 'maxi', 2700),
(564, '2021-07-01', 'package', 'junior', 12500),
(565, '2021-07-01', 'package', 'study', 13500),
(566, '2021-07-01', 'package', 'all_ws', 22500),
(567, '2021-07-01', 'package', 'group', 0);

-- --------------------------------------------------------

--
-- Структура таблицы `festival_user_category`
--

CREATE TABLE `festival_user_category` (
  `user` int(10) NOT NULL,
  `category` int(10) NOT NULL,
  `orchestra` varchar(250) NOT NULL
) ENGINE=InnoDB DEFAULT CHARSET=utf8;

--
-- Дамп данных таблицы `festival_user_category`
--

INSERT INTO `festival_user_category` (`user`, `category`, `orchestra`) VALUES
(16, 34, ''),
(16, 36, ''),
(16, 37, ''),
(16, 39, 'Композиция'),
(57, 33, ''),
(57, 34, ''),
(57, 35, ''),
(57, 36, ''),
(57, 37, ''),
(57, 38, ''),
(57, 39, 'Композиция для orc 1 '),
(57, 40, 'Композиция для orc 1 '),
(57, 41, 'Композиция для orc 1 '),
(57, 42, ''),
(57, 44, ''),
(14, 33, ''),
(14, 35, ''),
(14, 39, 'Композиция'),
(14, 41, 'Композиция'),
(14, 42, ''),
(60, 33, ''),
(60, 34, ''),
(60, 35, ''),
(60, 45, ''),
(60, 48, ''),
(60, 49, ''),
(60, 50, ''),
(60, 39, 'Notice: Undefined offset: 0 in /home/e/e25532i4/e25532i4.beget.tech/public_html/20210421-festival/user.php on line 483Notice: Trying to access array offset on value of type null in /home/e/e25532i4/e25532i4.beget.tech/public_html/20210421-festival/us'),
(60, 63, 'луцшупадцура'),
(60, 42, ''),
(60, 44, ''),
(60, 55, ''),
(60, 58, ''),
(60, 59, ''),
(60, 60, ''),
(61, 33, ''),
(61, 34, ''),
(61, 35, ''),
(61, 45, ''),
(61, 46, ''),
(61, 62, ''),
(61, 63, 'ТАРАБ'),
(61, 64, 'МЕЖАНСЕ'),
(61, 42, ''),
(61, 44, ''),
(59, 33, ''),
(59, 34, ''),
(59, 35, ''),
(59, 45, ''),
(59, 46, ''),
(59, 47, ''),
(59, 48, ''),
(59, 49, ''),
(59, 36, ''),
(59, 39, 'Тараб'),
(59, 63, 'Саиди + табла '),
(59, 42, ''),
(59, 44, ''),
(62, 33, ''),
(62, 34, ''),
(62, 35, ''),
(62, 49, ''),
(62, 50, ''),
(62, 36, ''),
(62, 39, 'Межансе'),
(62, 40, ''),
(62, 41, ''),
(62, 42, ''),
(62, 44, ''),
(62, 55, ''),
(62, 58, ''),
(62, 59, ''),
(62, 60, ''),
(64, 33, ''),
(64, 34, ''),
(64, 35, ''),
(64, 45, ''),
(64, 46, ''),
(64, 47, ''),
(64, 48, ''),
(64, 36, ''),
(64, 37, ''),
(64, 39, 'Тараб'),
(64, 63, 'Тараб + табла'),
(64, 64, 'Межансе'),
(68, 33, ''),
(68, 34, ''),
(68, 35, ''),
(68, 45, ''),
(68, 46, ''),
(68, 47, ''),
(68, 48, ''),
(68, 49, ''),
(68, 50, ''),
(68, 36, ''),
(68, 37, ''),
(68, 51, ''),
(68, 39, ''),
(68, 40, ''),
(68, 41, ''),
(68, 66, ''),
(68, 42, ''),
(68, 55, ''),
(68, 59, ''),
(72, 47, ''),
(72, 48, ''),
(72, 49, ''),
(72, 50, ''),
(72, 38, ''),
(72, 39, ''),
(72, 40, ''),
(72, 41, ''),
(75, 34, ''),
(75, 37, ''),
(75, 40, 'test1'),
(75, 44, ''),
(78, 33, ''),
(78, 34, ''),
(78, 35, ''),
(78, 45, ''),
(78, 50, ''),
(78, 36, ''),
(78, 38, ''),
(69, 33, ''),
(69, 34, ''),
(69, 35, ''),
(69, 45, ''),
(69, 46, ''),
(69, 49, ''),
(69, 50, ''),
(69, 36, ''),
(69, 40, ''),
(69, 42, ''),
(69, 55, ''),
(69, 59, ''),
(82, 33, ''),
(82, 34, ''),
(82, 35, ''),
(82, 45, ''),
(82, 46, ''),
(82, 49, ''),
(82, 50, ''),
(82, 36, ''),
(82, 37, ''),
(82, 39, ''),
(82, 44, ''),
(82, 58, ''),
(82, 60, ''),
(87, 33, ''),
(87, 34, ''),
(87, 47, ''),
(87, 48, ''),
(87, 49, ''),
(87, 50, ''),
(87, 36, ''),
(87, 39, ''),
(87, 63, ''),
(88, 34, ''),
(88, 46, ''),
(88, 48, ''),
(88, 63, ''),
(92, 33, ''),
(92, 34, ''),
(92, 35, ''),
(92, 45, ''),
(92, 46, ''),
(92, 53, ''),
(92, 39, 'Акдебалик'),
(92, 65, 'Акдебалик'),
(97, 33, ''),
(97, 34, ''),
(97, 47, ''),
(97, 48, ''),
(97, 36, ''),
(98, 33, ''),
(98, 35, ''),
(98, 47, ''),
(98, 49, ''),
(98, 50, ''),
(98, 36, ''),
(98, 51, ''),
(98, 39, ''),
(70, 33, ''),
(70, 34, ''),
(70, 45, ''),
(70, 46, ''),
(70, 47, ''),
(70, 48, ''),
(70, 49, ''),
(70, 50, ''),
(70, 36, ''),
(70, 39, ''),
(70, 40, ''),
(70, 41, ''),
(70, 61, ''),
(70, 63, ''),
(70, 65, ''),
(108, 33, ''),
(108, 34, ''),
(108, 45, ''),
(108, 46, ''),
(108, 47, ''),
(108, 49, ''),
(108, 53, ''),
(108, 39, ''),
(108, 42, ''),
(108, 55, ''),
(108, 59, ''),
(114, 33, ''),
(114, 34, ''),
(114, 35, ''),
(114, 45, ''),
(114, 47, ''),
(114, 49, ''),
(114, 36, ''),
(114, 37, ''),
(114, 51, ''),
(114, 39, ''),
(114, 41, ''),
(114, 65, ''),
(100, 61, ''),
(116, 33, ''),
(116, 34, ''),
(116, 35, ''),
(116, 45, ''),
(116, 46, ''),
(116, 47, ''),
(116, 48, ''),
(116, 49, ''),
(116, 50, ''),
(116, 36, ''),
(116, 37, ''),
(116, 38, ''),
(116, 51, ''),
(116, 52, ''),
(116, 53, ''),
(116, 39, ''),
(116, 40, ''),
(116, 41, ''),
(116, 65, ''),
(116, 66, ''),
(105, 46, ''),
(105, 47, ''),
(105, 48, ''),
(105, 49, ''),
(77, 33, ''),
(77, 35, ''),
(77, 45, ''),
(77, 47, ''),
(77, 48, ''),
(77, 49, ''),
(77, 50, ''),
(77, 36, ''),
(77, 39, ''),
(125, 47, ''),
(125, 48, ''),
(125, 49, ''),
(125, 50, ''),
(125, 36, ''),
(125, 37, ''),
(122, 33, ''),
(122, 34, ''),
(122, 35, ''),
(122, 45, ''),
(122, 46, ''),
(122, 47, ''),
(122, 49, ''),
(122, 36, ''),
(122, 38, ''),
(122, 53, ''),
(122, 39, ''),
(122, 40, ''),
(122, 61, ''),
(122, 65, ''),
(94, 34, ''),
(94, 46, ''),
(94, 47, ''),
(94, 48, ''),
(94, 49, ''),
(94, 50, ''),
(94, 36, ''),
(94, 52, ''),
(94, 39, ''),
(109, 33, ''),
(109, 34, ''),
(109, 35, ''),
(109, 45, ''),
(109, 46, ''),
(109, 47, ''),
(109, 48, ''),
(109, 49, ''),
(109, 50, ''),
(109, 36, ''),
(109, 39, ''),
(109, 61, ''),
(129, 68, ''),
(129, 70, ''),
(83, 33, ''),
(83, 34, ''),
(83, 45, ''),
(83, 46, ''),
(83, 47, ''),
(83, 50, ''),
(83, 36, ''),
(83, 51, ''),
(83, 40, ''),
(93, 45, ''),
(93, 46, ''),
(93, 47, ''),
(93, 50, ''),
(93, 36, ''),
(93, 39, 'El Fan'),
(93, 40, '+'),
(93, 41, 'Tahtir Shibbak'),
(93, 65, 'El Fan'),
(93, 66, 'Tahtir Shibbak'),
(93, 42, ''),
(93, 44, ''),
(93, 55, ''),
(93, 58, ''),
(93, 59, ''),
(93, 60, ''),
(67, 35, ''),
(67, 45, ''),
(67, 46, ''),
(67, 48, ''),
(67, 50, ''),
(67, 38, ''),
(67, 61, ''),
(131, 33, ''),
(131, 34, ''),
(131, 35, ''),
(131, 45, ''),
(131, 46, ''),
(131, 36, ''),
(131, 37, ''),
(131, 39, ''),
(133, 70, ''),
(139, 34, ''),
(139, 46, ''),
(139, 47, ''),
(139, 48, ''),
(139, 36, ''),
(143, 33, ''),
(143, 34, ''),
(143, 35, ''),
(143, 45, ''),
(143, 47, ''),
(143, 36, ''),
(143, 39, ''),
(143, 61, ''),
(144, 33, ''),
(144, 34, ''),
(144, 46, ''),
(144, 49, ''),
(144, 36, ''),
(144, 40, ''),
(144, 61, ''),
(144, 42, ''),
(144, 44, ''),
(144, 55, ''),
(144, 58, ''),
(144, 59, ''),
(144, 60, ''),
(117, 47, ''),
(117, 48, ''),
(117, 49, ''),
(117, 50, ''),
(117, 53, ''),
(117, 39, ''),
(117, 40, ''),
(140, 46, ''),
(140, 47, ''),
(140, 48, ''),
(140, 50, ''),
(140, 36, ''),
(81, 33, ''),
(81, 34, ''),
(81, 35, ''),
(81, 47, ''),
(81, 48, ''),
(81, 37, ''),
(81, 53, ''),
(81, 63, 'Abd El Halim Hafez - Sawah + соло табла '),
(120, 33, ''),
(120, 34, ''),
(120, 35, ''),
(120, 45, ''),
(120, 47, ''),
(120, 49, ''),
(120, 50, ''),
(120, 36, ''),
(120, 37, ''),
(120, 38, ''),
(120, 51, ''),
(120, 53, ''),
(120, 39, ''),
(120, 40, ''),
(120, 65, ''),
(107, 35, ''),
(107, 45, ''),
(107, 47, ''),
(107, 48, ''),
(107, 49, ''),
(107, 36, ''),
(107, 58, ''),
(148, 33, ''),
(148, 34, ''),
(148, 35, ''),
(148, 45, ''),
(148, 47, ''),
(148, 49, ''),
(148, 50, ''),
(148, 36, ''),
(148, 38, ''),
(148, 39, ''),
(148, 40, ''),
(79, 33, ''),
(79, 34, ''),
(79, 45, ''),
(79, 46, ''),
(79, 36, ''),
(79, 37, ''),
(79, 51, ''),
(79, 53, ''),
(79, 40, ''),
(95, 33, ''),
(95, 34, ''),
(95, 35, ''),
(95, 45, ''),
(95, 46, ''),
(95, 47, ''),
(95, 48, ''),
(95, 49, ''),
(95, 50, ''),
(95, 61, ''),
(95, 63, ''),
(135, 33, ''),
(135, 34, ''),
(135, 35, ''),
(135, 45, ''),
(135, 47, ''),
(135, 49, ''),
(135, 36, ''),
(135, 51, ''),
(135, 39, ''),
(135, 41, ''),
(135, 42, ''),
(135, 59, ''),
(110, 33, ''),
(110, 35, ''),
(110, 45, ''),
(110, 46, ''),
(110, 47, ''),
(110, 49, ''),
(110, 50, ''),
(110, 36, ''),
(110, 51, ''),
(110, 41, ''),
(154, 51, ''),
(156, 35, ''),
(156, 45, ''),
(156, 46, ''),
(156, 47, ''),
(156, 50, ''),
(156, 36, ''),
(152, 35, ''),
(152, 47, ''),
(152, 48, ''),
(152, 49, ''),
(152, 50, ''),
(152, 36, ''),
(152, 39, ''),
(123, 33, ''),
(123, 35, ''),
(123, 45, ''),
(123, 46, ''),
(123, 47, ''),
(123, 49, ''),
(123, 50, ''),
(123, 36, ''),
(123, 51, ''),
(123, 39, ''),
(74, 33, ''),
(74, 34, ''),
(74, 35, ''),
(74, 45, ''),
(74, 46, ''),
(74, 47, ''),
(74, 48, ''),
(74, 49, ''),
(74, 50, ''),
(74, 36, ''),
(74, 51, ''),
(74, 53, ''),
(74, 39, ''),
(74, 41, ''),
(74, 63, ''),
(160, 45, ''),
(160, 46, ''),
(160, 49, ''),
(160, 50, ''),
(160, 36, ''),
(160, 51, ''),
(160, 55, ''),
(161, 45, ''),
(161, 46, ''),
(161, 49, ''),
(161, 50, ''),
(161, 36, ''),
(161, 39, ''),
(161, 40, ''),
(161, 58, ''),
(163, 33, ''),
(163, 34, ''),
(163, 47, ''),
(163, 48, ''),
(163, 49, ''),
(163, 50, ''),
(163, 40, ''),
(166, 34, ''),
(166, 35, ''),
(166, 45, ''),
(166, 46, ''),
(166, 48, ''),
(166, 49, ''),
(166, 50, ''),
(166, 36, ''),
(166, 37, ''),
(65, 33, ''),
(65, 34, ''),
(65, 35, ''),
(65, 48, ''),
(65, 50, ''),
(65, 36, ''),
(65, 37, ''),
(65, 38, ''),
(65, 51, ''),
(65, 39, ''),
(65, 40, ''),
(65, 63, ''),
(65, 65, ''),
(115, 33, ''),
(115, 35, ''),
(115, 45, ''),
(115, 46, ''),
(115, 47, ''),
(115, 36, ''),
(115, 38, ''),
(115, 51, ''),
(115, 39, ''),
(71, 33, ''),
(71, 34, ''),
(71, 35, ''),
(71, 48, ''),
(71, 49, ''),
(71, 50, ''),
(71, 36, ''),
(71, 37, ''),
(71, 52, ''),
(71, 39, ''),
(71, 40, ''),
(71, 63, ''),
(71, 65, ''),
(170, 33, ''),
(170, 35, ''),
(170, 45, ''),
(170, 46, ''),
(170, 47, ''),
(170, 49, ''),
(170, 50, ''),
(170, 37, ''),
(170, 39, ''),
(170, 41, ''),
(170, 42, ''),
(170, 55, ''),
(170, 60, ''),
(174, 33, ''),
(174, 35, ''),
(174, 45, ''),
(174, 47, ''),
(174, 48, ''),
(174, 50, ''),
(174, 36, ''),
(174, 52, ''),
(174, 39, ''),
(174, 41, ''),
(174, 42, ''),
(174, 59, ''),
(176, 45, ''),
(176, 46, ''),
(176, 49, ''),
(176, 50, ''),
(176, 36, ''),
(176, 55, ''),
(177, 34, ''),
(177, 47, ''),
(177, 48, ''),
(177, 49, ''),
(177, 36, ''),
(158, 33, ''),
(158, 45, ''),
(158, 46, ''),
(158, 47, ''),
(158, 49, ''),
(158, 50, ''),
(158, 36, ''),
(158, 51, ''),
(158, 39, ''),
(158, 42, ''),
(158, 58, ''),
(158, 59, ''),
(132, 33, ''),
(132, 34, ''),
(132, 35, ''),
(132, 45, ''),
(132, 46, ''),
(132, 47, ''),
(132, 48, ''),
(132, 49, ''),
(132, 50, ''),
(132, 36, ''),
(132, 37, ''),
(132, 39, ''),
(132, 40, ''),
(136, 33, ''),
(136, 34, ''),
(136, 35, ''),
(136, 45, ''),
(136, 46, ''),
(136, 47, ''),
(136, 48, ''),
(136, 49, ''),
(136, 50, ''),
(136, 37, ''),
(136, 40, ''),
(134, 33, ''),
(134, 34, ''),
(134, 35, ''),
(134, 45, ''),
(134, 46, ''),
(134, 47, ''),
(134, 48, ''),
(134, 49, ''),
(134, 50, ''),
(134, 38, ''),
(134, 52, ''),
(134, 40, ''),
(179, 33, ''),
(179, 34, ''),
(179, 35, ''),
(179, 45, ''),
(179, 47, ''),
(179, 49, ''),
(179, 50, ''),
(179, 36, ''),
(179, 38, ''),
(179, 39, ''),
(179, 40, ''),
(179, 65, ''),
(180, 45, ''),
(180, 48, ''),
(180, 49, ''),
(180, 50, ''),
(180, 36, ''),
(180, 51, ''),
(180, 52, ''),
(178, 33, ''),
(178, 34, ''),
(178, 35, ''),
(178, 45, ''),
(178, 46, ''),
(178, 47, ''),
(178, 48, ''),
(178, 49, ''),
(178, 50, ''),
(178, 36, ''),
(178, 51, ''),
(178, 39, ''),
(178, 40, ''),
(181, 34, ''),
(181, 45, ''),
(181, 47, ''),
(181, 49, ''),
(181, 36, ''),
(106, 34, ''),
(106, 46, ''),
(106, 48, ''),
(106, 49, ''),
(106, 37, ''),
(106, 53, ''),
(106, 39, ''),
(106, 61, ''),
(106, 42, ''),
(106, 55, ''),
(106, 59, ''),
(183, 33, ''),
(183, 34, ''),
(183, 35, ''),
(183, 45, ''),
(183, 46, ''),
(183, 47, ''),
(183, 48, ''),
(183, 49, ''),
(183, 50, ''),
(183, 36, ''),
(183, 39, ''),
(183, 40, ''),
(183, 65, ''),
(121, 47, ''),
(121, 48, ''),
(121, 49, ''),
(121, 50, ''),
(121, 37, ''),
(121, 39, 'Warda Al Jazeria  - Lola El Malama'),
(184, 34, ''),
(184, 35, ''),
(184, 45, ''),
(184, 47, ''),
(184, 49, ''),
(185, 47, ''),
(185, 48, ''),
(185, 49, ''),
(185, 50, ''),
(185, 36, ''),
(185, 39, ''),
(185, 40, ''),
(187, 34, ''),
(187, 35, ''),
(187, 47, ''),
(187, 48, ''),
(187, 49, ''),
(187, 36, ''),
(187, 39, ''),
(188, 45, ''),
(188, 46, ''),
(188, 47, ''),
(188, 48, ''),
(188, 36, ''),
(169, 33, ''),
(169, 34, ''),
(169, 35, ''),
(169, 45, ''),
(169, 46, ''),
(169, 47, ''),
(169, 50, ''),
(169, 36, ''),
(169, 51, ''),
(169, 39, 'Inta Omri '),
(169, 41, 'Y’a wad inta ya agnabi '),
(189, 33, ''),
(189, 34, ''),
(189, 35, ''),
(189, 45, ''),
(189, 46, ''),
(189, 47, ''),
(189, 48, ''),
(189, 49, ''),
(189, 50, ''),
(189, 36, ''),
(189, 39, ''),
(189, 40, ''),
(189, 65, ''),
(189, 42, ''),
(189, 55, ''),
(189, 59, ''),
(119, 33, ''),
(119, 34, ''),
(119, 45, ''),
(119, 46, ''),
(119, 38, ''),
(119, 51, ''),
(119, 52, ''),
(119, 39, ''),
(147, 45, ''),
(147, 46, ''),
(147, 49, ''),
(147, 50, ''),
(147, 36, ''),
(147, 37, ''),
(147, 52, ''),
(147, 39, ''),
(182, 33, ''),
(182, 34, ''),
(182, 35, ''),
(182, 45, ''),
(182, 46, ''),
(182, 47, ''),
(182, 48, ''),
(182, 38, ''),
(182, 52, ''),
(182, 53, ''),
(182, 41, 'AHMAD ADAWEYA - BASBOUSA (SETTO)'),
(182, 65, ''),
(182, 42, ''),
(182, 55, ''),
(182, 59, ''),
(175, 34, ''),
(175, 35, ''),
(175, 47, ''),
(175, 48, ''),
(175, 49, ''),
(175, 36, ''),
(175, 51, ''),
(175, 53, ''),
(175, 39, ''),
(150, 33, ''),
(150, 35, ''),
(150, 46, ''),
(150, 48, ''),
(150, 49, ''),
(150, 36, ''),
(150, 51, ''),
(150, 53, ''),
(150, 39, ''),
(192, 33, ''),
(192, 34, ''),
(192, 35, ''),
(192, 45, ''),
(192, 46, ''),
(192, 47, ''),
(192, 48, ''),
(192, 49, ''),
(192, 50, ''),
(192, 36, ''),
(192, 52, ''),
(173, 34, ''),
(173, 45, ''),
(173, 47, ''),
(173, 49, ''),
(173, 37, ''),
(173, 51, ''),
(173, 39, ''),
(173, 40, ''),
(124, 45, ''),
(124, 46, ''),
(124, 47, ''),
(124, 48, ''),
(124, 49, ''),
(124, 50, ''),
(124, 36, ''),
(124, 53, ''),
(124, 39, ''),
(195, 33, ''),
(195, 34, ''),
(195, 35, ''),
(195, 45, ''),
(195, 46, ''),
(195, 47, ''),
(195, 48, ''),
(195, 49, ''),
(195, 50, ''),
(195, 36, ''),
(195, 40, 'balady improvisation'),
(195, 42, ''),
(195, 58, ''),
(137, 33, ''),
(137, 34, ''),
(137, 35, ''),
(137, 45, ''),
(137, 46, ''),
(137, 47, ''),
(137, 48, ''),
(137, 49, ''),
(137, 50, ''),
(137, 36, ''),
(198, 33, ''),
(198, 34, ''),
(198, 35, ''),
(198, 47, ''),
(198, 48, ''),
(198, 36, ''),
(198, 38, ''),
(198, 52, ''),
(198, 39, ''),
(198, 65, ''),
(153, 33, ''),
(153, 35, ''),
(153, 47, ''),
(153, 48, ''),
(153, 49, ''),
(153, 36, ''),
(153, 51, ''),
(153, 53, ''),
(153, 39, 'Aho dah el kalam Wardah elgazaerya'),
(153, 40, ''),
(153, 65, ''),
(145, 33, ''),
(145, 34, ''),
(145, 35, ''),
(145, 45, ''),
(145, 47, ''),
(145, 49, ''),
(145, 50, ''),
(145, 36, ''),
(145, 39, ''),
(193, 33, ''),
(193, 34, ''),
(193, 35, ''),
(193, 45, ''),
(193, 46, ''),
(193, 47, ''),
(193, 50, ''),
(193, 36, ''),
(193, 38, ''),
(193, 51, ''),
(193, 53, ''),
(191, 33, ''),
(191, 35, ''),
(191, 45, ''),
(191, 46, ''),
(191, 47, ''),
(191, 49, ''),
(191, 50, ''),
(191, 36, ''),
(191, 53, ''),
(191, 39, ''),
(191, 65, ''),
(151, 33, ''),
(151, 34, ''),
(151, 35, ''),
(151, 45, ''),
(151, 46, ''),
(151, 36, ''),
(151, 37, ''),
(151, 38, ''),
(151, 51, ''),
(151, 53, ''),
(190, 33, ''),
(190, 34, ''),
(190, 35, ''),
(190, 45, ''),
(190, 46, ''),
(190, 47, ''),
(190, 49, ''),
(190, 36, ''),
(190, 37, ''),
(190, 52, ''),
(190, 39, ''),
(90, 33, ''),
(90, 34, ''),
(90, 35, ''),
(90, 45, ''),
(90, 46, ''),
(90, 47, ''),
(90, 48, ''),
(90, 49, ''),
(90, 50, ''),
(90, 37, ''),
(90, 38, ''),
(90, 52, ''),
(90, 53, ''),
(90, 39, ''),
(90, 41, ''),
(90, 65, ''),
(90, 42, ''),
(90, 44, ''),
(90, 55, ''),
(90, 58, ''),
(90, 59, ''),
(90, 60, ''),
(146, 33, ''),
(146, 34, ''),
(146, 35, ''),
(146, 45, ''),
(146, 46, ''),
(146, 47, ''),
(146, 48, ''),
(146, 49, ''),
(146, 50, ''),
(146, 36, ''),
(146, 53, ''),
(146, 39, ''),
(146, 40, ''),
(146, 65, ''),
(91, 33, ''),
(91, 34, ''),
(91, 45, ''),
(91, 50, ''),
(91, 36, ''),
(91, 38, ''),
(91, 52, ''),
(91, 39, ''),
(91, 40, ''),
(91, 41, ''),
(91, 61, ''),
(91, 65, ''),
(91, 66, ''),
(91, 42, ''),
(91, 44, ''),
(91, 55, ''),
(91, 58, ''),
(91, 59, ''),
(91, 60, ''),
(194, 47, ''),
(194, 48, ''),
(194, 49, ''),
(194, 50, ''),
(194, 36, ''),
(194, 51, ''),
(194, 55, ''),
(194, 59, ''),
(102, 34, ''),
(102, 35, ''),
(102, 46, ''),
(102, 47, ''),
(102, 48, ''),
(102, 37, ''),
(102, 39, 'Ana Bastanak'),
(113, 68, ''),
(113, 70, ''),
(171, 35, ''),
(171, 45, ''),
(171, 46, ''),
(171, 47, ''),
(171, 49, ''),
(171, 36, ''),
(171, 37, ''),
(171, 51, ''),
(171, 39, ''),
(127, 35, ''),
(127, 45, ''),
(127, 46, ''),
(127, 47, ''),
(127, 49, ''),
(127, 62, ''),
(197, 36, ''),
(197, 38, ''),
(197, 53, ''),
(138, 68, ''),
(138, 70, ''),
(168, 33, ''),
(168, 35, ''),
(168, 47, ''),
(168, 49, ''),
(168, 50, ''),
(168, 36, ''),
(168, 53, ''),
(186, 34, ''),
(186, 35, ''),
(186, 45, ''),
(186, 46, ''),
(186, 47, ''),
(186, 36, ''),
(186, 38, ''),
(186, 39, ''),
(141, 33, ''),
(141, 34, ''),
(141, 45, ''),
(141, 48, ''),
(141, 36, ''),
(141, 39, ''),
(142, 33, ''),
(142, 34, ''),
(142, 45, ''),
(142, 48, ''),
(142, 36, ''),
(142, 62, ''),
(202, 36, ''),
(202, 37, ''),
(202, 38, ''),
(202, 51, ''),
(202, 52, ''),
(202, 53, ''),
(202, 62, ''),
(202, 68, ''),
(202, 70, ''),
(202, 71, ''),
(203, 33, ''),
(203, 35, ''),
(203, 45, ''),
(203, 46, ''),
(203, 47, ''),
(203, 49, ''),
(203, 50, ''),
(203, 36, ''),
(203, 51, ''),
(203, 52, ''),
(203, 40, ''),
(204, 33, ''),
(204, 34, ''),
(204, 49, ''),
(204, 36, ''),
(204, 37, ''),
(204, 39, ''),
(205, 51, ''),
(157, 33, ''),
(157, 34, ''),
(157, 35, ''),
(157, 47, ''),
(157, 49, ''),
(157, 52, ''),
(157, 39, ''),
(157, 42, ''),
(0, 45, ''),
(0, 46, ''),
(0, 47, ''),
(0, 50, ''),
(0, 36, ''),
(0, 37, ''),
(0, 51, ''),
(0, 52, ''),
(0, 53, ''),
(0, 39, ''),
(0, 40, ''),
(0, 63, ''),
(0, 65, ''),
(0, 55, ''),
(0, 58, ''),
(0, 59, ''),
(0, 60, ''),
(199, 34, ''),
(199, 35, ''),
(199, 45, ''),
(199, 47, ''),
(199, 49, ''),
(199, 36, ''),
(199, 39, ''),
(200, 33, ''),
(200, 34, ''),
(200, 35, ''),
(200, 45, ''),
(200, 46, ''),
(200, 47, ''),
(200, 48, ''),
(200, 49, ''),
(200, 50, ''),
(200, 51, ''),
(200, 39, ''),
(200, 42, ''),
(200, 55, ''),
(200, 59, ''),
(84, 33, ''),
(84, 34, ''),
(84, 35, ''),
(84, 46, ''),
(84, 47, ''),
(84, 48, ''),
(84, 49, ''),
(84, 36, ''),
(84, 39, ''),
(84, 40, ''),
(84, 41, ''),
(84, 61, ''),
(84, 63, 'Es2al Rouhak'),
(84, 42, ''),
(84, 55, ''),
(84, 59, ''),
(89, 34, ''),
(89, 35, ''),
(89, 45, ''),
(89, 48, ''),
(89, 50, ''),
(89, 52, ''),
(89, 53, ''),
(89, 39, 'MADDAH EL AMAR'),
(89, 63, 'Oyoun el alb and Aminti Billah beledi'),
(89, 42, ''),
(80, 45, ''),
(80, 46, ''),
(80, 47, ''),
(80, 48, ''),
(80, 49, ''),
(80, 50, ''),
(80, 36, ''),
(80, 53, ''),
(80, 61, ''),
(80, 63, ''),
(80, 42, ''),
(80, 55, ''),
(80, 59, ''),
(165, 33, ''),
(165, 34, ''),
(165, 35, ''),
(165, 45, ''),
(165, 46, ''),
(165, 47, ''),
(165, 48, ''),
(165, 49, ''),
(165, 50, ''),
(165, 36, ''),
(165, 37, ''),
(165, 51, ''),
(165, 53, ''),
(165, 39, 'Batwanness Beek Warda'),
(165, 40, ''),
(165, 65, 'Batwanness Beek Warda'),
(101, 33, ''),
(101, 34, ''),
(101, 35, ''),
(101, 45, ''),
(101, 46, ''),
(101, 47, ''),
(101, 48, ''),
(101, 49, ''),
(101, 50, ''),
(101, 36, ''),
(101, 51, ''),
(101, 52, ''),
(101, 39, ''),
(101, 40, ''),
(101, 44, ''),
(101, 58, ''),
(101, 60, ''),
(86, 47, ''),
(86, 48, ''),
(86, 49, ''),
(86, 50, ''),
(86, 36, ''),
(86, 39, 'Lola El Malama'),
(207, 35, ''),
(207, 45, ''),
(207, 47, ''),
(207, 49, ''),
(207, 50, ''),
(207, 62, ''),
(207, 39, 'Ana Fe Entezarak(начало композиции)'),
(164, 33, ''),
(164, 45, ''),
(164, 46, ''),
(164, 47, ''),
(164, 49, ''),
(164, 50, ''),
(164, 36, ''),
(164, 38, ''),
(164, 52, ''),
(164, 41, ''),
(66, 45, ''),
(66, 46, ''),
(66, 47, ''),
(66, 50, ''),
(66, 36, ''),
(66, 37, ''),
(66, 51, ''),
(66, 52, ''),
(66, 53, ''),
(66, 39, 'el awazal yama alou'),
(66, 40, 'aminti billah + табла'),
(66, 63, 'hamdela 3al salama + daeno meno'),
(66, 65, 'hamdela 3al salama + daeno meno'),
(66, 55, ''),
(66, 58, ''),
(66, 59, ''),
(66, 60, ''),
(85, 33, ''),
(85, 34, ''),
(85, 35, ''),
(85, 47, ''),
(85, 48, ''),
(85, 49, ''),
(85, 50, ''),
(85, 36, ''),
(85, 39, 'Wahashtiny (Souad Mohamed) '),
(85, 40, 'Shik shak shok '),
(85, 41, 'El enab (Saad el Sohgayer) '),
(85, 61, ''),
(85, 63, 'Hobbak el gabbar (Nagat el Saghera) + Ya ghazal El darb El ahmar '),
(85, 65, 'Hobbak el gabbar, Wahashtini, Ya ghazal El darb El ahmar'),
(99, 33, ''),
(99, 34, ''),
(99, 35, ''),
(99, 46, ''),
(99, 47, ''),
(99, 49, ''),
(99, 50, ''),
(99, 36, ''),
(99, 37, ''),
(99, 53, ''),
(99, 39, 'Sit El Hosen'),
(99, 65, 'Zet el hosen '),
(99, 44, ''),
(99, 55, ''),
(99, 58, ''),
(99, 59, ''),
(162, 33, ''),
(162, 34, ''),
(162, 35, ''),
(162, 45, ''),
(162, 46, ''),
(162, 47, ''),
(162, 48, ''),
(162, 49, ''),
(162, 50, ''),
(162, 36, ''),
(162, 39, 'Bafakar fili nasini'),
(76, 33, ''),
(76, 34, ''),
(76, 35, ''),
(76, 45, ''),
(76, 46, ''),
(76, 47, ''),
(76, 48, ''),
(76, 49, ''),
(76, 50, ''),
(76, 36, ''),
(76, 37, ''),
(76, 38, ''),
(76, 51, ''),
(76, 52, ''),
(76, 53, ''),
(76, 39, 'Hamdellah Al Salana'),
(76, 40, ''),
(76, 41, 'Hamada Helal - Mastoul '),
(76, 61, ''),
(76, 65, ''),
(149, 33, ''),
(149, 35, ''),
(149, 46, ''),
(149, 48, ''),
(149, 49, ''),
(149, 36, ''),
(149, 52, ''),
(149, 53, ''),
(149, 39, 'Enta Omri'),
(130, 68, ''),
(130, 70, ''),
(111, 34, ''),
(111, 35, ''),
(111, 45, ''),
(111, 46, ''),
(111, 49, ''),
(111, 36, ''),
(111, 37, ''),
(111, 52, ''),
(111, 39, 'Zay al Asal'),
(111, 65, ''),
(96, 33, ''),
(96, 34, ''),
(96, 35, ''),
(96, 45, ''),
(96, 46, ''),
(96, 36, ''),
(96, 39, 'AL TOBA  ( Abdel Halim Hafez)'),
(96, 65, 'Al Toba ( Abdel Halim Hafez)'),
(96, 42, ''),
(96, 44, '');

--
-- Индексы сохранённых таблиц
--

--
-- Индексы таблицы `festival_dates`
--
ALTER TABLE `festival_dates`
  ADD PRIMARY KEY (`id`);

--
-- Индексы таблицы `festival_halls`
--
ALTER TABLE `festival_halls`
  ADD PRIMARY KEY (`id`);

--
-- Индексы таблицы `festival_judge`
--
ALTER TABLE `festival_judge`
  ADD PRIMARY KEY (`id`);

--
-- Индексы таблицы `festival_meta`
--
ALTER TABLE `festival_meta`
  ADD PRIMARY KEY (`id`);

--
-- Индексы таблицы `festival_nominations`
--
ALTER TABLE `festival_nominations`
  ADD PRIMARY KEY (`id`);

--
-- Индексы таблицы `festival_nomination_list`
--
ALTER TABLE `festival_nomination_list`
  ADD PRIMARY KEY (`id`);

--
-- Индексы таблицы `festival_participant`
--
ALTER TABLE `festival_participant`
  ADD PRIMARY KEY (`id`);

--
-- Индексы таблицы `festival_parts`
--
ALTER TABLE `festival_parts`
  ADD PRIMARY KEY (`id`);

--
-- Индексы таблицы `festival_payment`
--
ALTER TABLE `festival_payment`
  ADD PRIMARY KEY (`id`);

--
-- Индексы таблицы `festival_price`
--
ALTER TABLE `festival_price`
  ADD PRIMARY KEY (`id`);

--
-- AUTO_INCREMENT для сохранённых таблиц
--

--
-- AUTO_INCREMENT для таблицы `festival_dates`
--
ALTER TABLE `festival_dates`
  MODIFY `id` int(8) NOT NULL AUTO_INCREMENT, AUTO_INCREMENT=15;

--
-- AUTO_INCREMENT для таблицы `festival_halls`
--
ALTER TABLE `festival_halls`
  MODIFY `id` int(8) NOT NULL AUTO_INCREMENT, AUTO_INCREMENT=5;

--
-- AUTO_INCREMENT для таблицы `festival_judge`
--
ALTER TABLE `festival_judge`
  MODIFY `id` int(8) NOT NULL AUTO_INCREMENT, AUTO_INCREMENT=9;

--
-- AUTO_INCREMENT для таблицы `festival_meta`
--
ALTER TABLE `festival_meta`
  MODIFY `id` int(10) NOT NULL AUTO_INCREMENT, AUTO_INCREMENT=72;

--
-- AUTO_INCREMENT для таблицы `festival_nominations`
--
ALTER TABLE `festival_nominations`
  MODIFY `id` int(8) NOT NULL AUTO_INCREMENT, AUTO_INCREMENT=24;

--
-- AUTO_INCREMENT для таблицы `festival_nomination_list`
--
ALTER TABLE `festival_nomination_list`
  MODIFY `id` int(8) NOT NULL AUTO_INCREMENT, AUTO_INCREMENT=5;

--
-- AUTO_INCREMENT для таблицы `festival_participant`
--
ALTER TABLE `festival_participant`
  MODIFY `id` int(10) NOT NULL AUTO_INCREMENT, AUTO_INCREMENT=209;

--
-- AUTO_INCREMENT для таблицы `festival_parts`
--
ALTER TABLE `festival_parts`
  MODIFY `id` int(8) NOT NULL AUTO_INCREMENT, AUTO_INCREMENT=4;

--
-- AUTO_INCREMENT для таблицы `festival_payment`
--
ALTER TABLE `festival_payment`
  MODIFY `id` int(10) NOT NULL AUTO_INCREMENT, AUTO_INCREMENT=205;

--
-- AUTO_INCREMENT для таблицы `festival_price`
--
ALTER TABLE `festival_price`
  MODIFY `id` int(10) NOT NULL AUTO_INCREMENT, AUTO_INCREMENT=568;
COMMIT;

/*!40101 SET CHARACTER_SET_CLIENT=@OLD_CHARACTER_SET_CLIENT */;
/*!40101 SET CHARACTER_SET_RESULTS=@OLD_CHARACTER_SET_RESULTS */;
/*!40101 SET COLLATION_CONNECTION=@OLD_COLLATION_CONNECTION */;
